-- MySQL dump 10.13  Distrib 8.0.42, for Win64 (x86_64)
--
-- Host: localhost    Database: onlinebookstore_db
-- ------------------------------------------------------
-- Server version	8.0.32

/*!40101 SET @OLD_CHARACTER_SET_CLIENT=@@CHARACTER_SET_CLIENT */;
/*!40101 SET @OLD_CHARACTER_SET_RESULTS=@@CHARACTER_SET_RESULTS */;
/*!40101 SET @OLD_COLLATION_CONNECTION=@@COLLATION_CONNECTION */;
/*!50503 SET NAMES utf8 */;
/*!40103 SET @OLD_TIME_ZONE=@@TIME_ZONE */;
/*!40103 SET TIME_ZONE='+00:00' */;
/*!40014 SET @OLD_UNIQUE_CHECKS=@@UNIQUE_CHECKS, UNIQUE_CHECKS=0 */;
/*!40014 SET @OLD_FOREIGN_KEY_CHECKS=@@FOREIGN_KEY_CHECKS, FOREIGN_KEY_CHECKS=0 */;
/*!40101 SET @OLD_SQL_MODE=@@SQL_MODE, SQL_MODE='NO_AUTO_VALUE_ON_ZERO' */;
/*!40111 SET @OLD_SQL_NOTES=@@SQL_NOTES, SQL_NOTES=0 */;

--
-- Table structure for table `books`
--

DROP TABLE IF EXISTS `books`;
/*!40101 SET @saved_cs_client     = @@character_set_client */;
/*!50503 SET character_set_client = utf8mb4 */;
CREATE TABLE `books` (
  `Book_ID` int DEFAULT NULL,
  `Title` text,
  `Author` text,
  `Genre` text,
  `Published_Year` int DEFAULT NULL,
  `Price` double DEFAULT NULL,
  `Stock` int DEFAULT NULL
) ENGINE=InnoDB DEFAULT CHARSET=utf8mb4 COLLATE=utf8mb4_0900_ai_ci;
/*!40101 SET character_set_client = @saved_cs_client */;

--
-- Dumping data for table `books`
--

LOCK TABLES `books` WRITE;
/*!40000 ALTER TABLE `books` DISABLE KEYS */;
INSERT INTO `books` VALUES (1,'Configurable modular throughput','Joseph Crane','Biography',1949,21.34,100),(2,'Persevering reciprocal knowledge user','Mario Moore','Fantasy',1971,35.8,19),(3,'Streamlined coherent initiative','Derrick Howard','Non-Fiction',1913,15.75,27),(4,'Customizable 24hour product','Christopher Andrews','Fiction',2020,43.52,8),(5,'Adaptive 5thgeneration encoding','Juan Miller','Fantasy',1956,10.95,16),(6,'Advanced encompassing implementation','Bryan Morgan','Biography',1985,6.56,2),(7,'Open-architected exuding structure','Jacqueline Young','Romance',1927,43.63,95),(8,'Persistent local encoding','Troy Cox','Science Fiction',2019,48.99,84),(9,'Optimized interactive challenge','Colin Buckley','Fantasy',1987,14.33,70),(10,'Ergonomic national hub','Samantha Ruiz','Mystery',2015,24.63,25),(11,'Secured zero tolerance time-frame','Denise Barnes','Fantasy',1998,35.95,10),(12,'Polarized optimal array','Destiny Scott','Non-Fiction',1989,27.43,63),(13,'Adaptive 5thgeneration orchestration','Jaclyn Miller','Romance',1913,14.04,99),(14,'Re-engineered demand-driven parallelism','Jeremy Hayes','Science Fiction',1933,6.04,95),(15,'User-friendly motivating strategy','Keith Smith','Non-Fiction',1997,23.83,58),(16,'Vision-oriented tangible project','Christopher Price','Mystery',1941,10.07,8),(17,'Reduced secondary core','Benjamin Peters','Fantasy',1966,5.37,45),(18,'Adaptive 4thgeneration concept','Hector Palmer','Non-Fiction',2021,39.47,32),(19,'Progressive asymmetric Internet solution','Sean Miller','Science Fiction',1990,11.31,1),(20,'Face-to-face systematic throughput','Teresa Brennan','Non-Fiction',1978,48.13,64),(21,'Down-sized static interface','Todd Brown','Biography',1925,47.13,87),(22,'Multi-layered optimizing migration','Wesley Escobar','Fiction',1908,39.23,78),(23,'Reverse-engineered context-sensitive hardware','Christina Hernandez','Mystery',1967,38.55,70),(24,'Ergonomic incremental hub','Tanya Mcdonald','Biography',1907,32.74,54),(25,'Devolved mobile conglomeration','Alexander Bailey','Biography',1984,8.55,79),(26,'Multi-channeled multi-tasking capability','Patricia Buck','Science Fiction',1964,21.05,41),(27,'Team-oriented human-resource access','Cody Shah','Fantasy',1927,42.14,76),(28,'Expanded analyzing portal','Lisa Coffey','Fiction',1941,37.51,79),(29,'Quality-focused multi-tasking challenge','Katrina Underwood','Fiction',1905,31.12,100),(30,'Multi-layered global open system','Jose Meyer','Biography',2012,30.58,37),(31,'Implemented encompassing conglomeration','Melissa Taylor','Fiction',2010,21.23,44),(32,'Synergistic dedicated concept','Lisa Bailey','Mystery',2021,21.56,100),(33,'Team-oriented empowering synergy','Sandra Williams','Non-Fiction',2023,35.06,49),(34,'Stand-alone multimedia throughput','Jason Jefferson','Fantasy',1939,16.49,43),(35,'Grass-roots solution-oriented adapter','William Turner','Non-Fiction',2018,31.81,85),(36,'Open-source needs-based secured line','Jacob French','Mystery',1949,34.51,86),(37,'Up-sized tertiary archive','Todd Kennedy','Fantasy',1955,13.08,3),(38,'Pre-emptive asynchronous leverage','Courtney Nichols','Fantasy',2022,16.47,72),(39,'Optimized national process improvement','Megan Goodwin','Fiction',1978,10.99,42),(40,'Adaptive didactic interface','Natalie Gonzalez','Fiction',1923,25.97,94),(41,'Integrated grid-enabled superstructure','Katherine Robbins','Science Fiction',1950,43.09,78),(42,'Pre-emptive interactive focus group','Shannon Reese','Mystery',1937,48.35,82),(43,'Function-based zero-defect initiative','Daniel Nunez','Romance',1952,47.39,61),(44,'Networked systemic implementation','Ryan Frank','Science Fiction',1965,13.55,0),(45,'Centralized cohesive website','Luis Rogers','Mystery',1984,25.49,59),(46,'Distributed attitude-oriented open system','Jamie Lambert','Romance',1923,33.17,75),(47,'Reverse-engineered directional conglomeration','John Christian','Fiction',2006,20.37,90),(48,'Multi-channeled 5thgeneration Internet solution','Jennifer Powell','Biography',1963,24.7,94),(49,'Robust attitude-oriented attitude','Zachary Hayes','Biography',1955,49.5,15),(50,'Face-to-face responsive secured line','Lindsey Rodriguez','Fantasy',1970,37,63),(51,'Visionary optimizing project','Douglas Bush','Biography',2022,46.3,95),(52,'Triple-buffered neutral adapter','Kristi Phillips','Science Fiction',2003,16.53,85),(53,'Triple-buffered multi-tasking help-desk','Brian Johnson','Biography',1969,29.28,60),(54,'Progressive bi-directional methodology','Adrian Taylor','Fantasy',2015,44.78,27),(55,'Streamlined well-modulated migration','Isabel Wood','Romance',1934,27.32,66),(56,'Integrated intermediate Internet solution','Stacy Cabrera','Mystery',1976,7.87,67),(57,'Team-oriented 3rdgeneration encryption','Sabrina Hernandez DVM','Romance',1962,23.59,27),(58,'Profound logistical capacity','Ray Walsh','Romance',1995,34.54,14),(59,'Distributed directional adapter','Sarah Smith','Mystery',2012,26,41),(60,'Robust eco-centric capacity','Brian Haney','Biography',1990,35.14,0),(61,'Future-proofed upward-trending process improvement','Gregory Wallace','Non-Fiction',1934,41.05,10),(62,'Re-contextualized real-time strategy','Nicole Lynch','Fiction',1953,26.34,23),(63,'Polarized heuristic database','Franklin Mack','Fiction',1989,22.38,56),(64,'Polarized hybrid emulation','Christopher Washington','Science Fiction',1963,24.1,86),(65,'Total explicit open architecture','Zachary Williams','Science Fiction',1982,22.7,7),(66,'Synergized bandwidth-monitored workforce','Amy Marks','Fantasy',1961,28.29,93),(67,'Grass-roots zero tolerance archive','Michelle Taylor','Biography',1966,10.23,25),(68,'Centralized responsive firmware','Alexander Nelson','Biography',1919,29.55,23),(69,'Cloned impactful solution','Nichole Smith','Fantasy',1961,8.79,50),(70,'Customer-focused context-sensitive process improvement','Mary Warren','Science Fiction',2021,23.45,19),(71,'Organized methodical productivity','Daniel Santos','Biography',1950,38.5,40),(72,'Networked contextually-based throughput','Andrea Eaton','Fantasy',1959,46.54,65),(73,'Realigned multi-tasking installation','Patrick Contreras','Mystery',1933,21.23,39),(74,'Automated scalable installation','Mitchell Hess','Biography',1986,45.12,83),(75,'Multi-layered fresh-thinking solution','James Buckley','Science Fiction',1912,47.11,3),(76,'Innovative directional matrix','David Castaneda','Romance',2009,41.33,9),(77,'Cross-platform asynchronous encryption','Michelle Edwards','Fantasy',1935,44.28,88),(78,'Synergized mobile architecture','Gregory Perez','Romance',1988,13.07,86),(79,'Extended actuating encryption','Kylie Brown','Romance',1935,32.48,4),(80,'Compatible 24/7 forecast','Michael Anderson','Science Fiction',1985,34.84,19),(81,'Team-oriented logistical analyzer','Scott Gentry','Science Fiction',2010,44.19,13),(82,'Optimized multi-state capacity','Sean Griffin','Non-Fiction',2001,45.7,38),(83,'Sharable regional product','Michael Walker','Biography',2022,8.94,92),(84,'Stand-alone 24hour interface','James Ortiz','Romance',1980,44.59,20),(85,'Enhanced impactful system engine','Bianca Matthews','Science Fiction',1939,19.43,29),(86,'Re-engineered 24/7 projection','Kathryn Williams','Non-Fiction',1948,25.51,44),(87,'Decentralized actuating analyzer','Robert Johnson','Fantasy',1986,34.84,98),(88,'Robust tangible hardware','Paul Miles','Non-Fiction',1999,40.22,32),(89,'Mandatory exuding monitoring','Vincent Miles','Romance',1959,14.72,16),(90,'Business-focused eco-centric help-desk','Sarah Miller','Science Fiction',1965,16.56,10),(91,'Integrated exuding application','Elizabeth Morrison','Romance',1923,27.82,81),(92,'Switchable context-sensitive productivity','Ashley Rodriguez','Fantasy',1911,34.21,58),(93,'Object-based multimedia algorithm','Frank Aguilar','Non-Fiction',2009,17.43,37),(94,'Open-source 5thgeneration alliance','Laurie Allen','Science Fiction',2001,16.86,75),(95,'Function-based heuristic analyzer','Craig Smith','Biography',1990,49.53,11),(96,'Up-sized impactful artificial intelligence','Rebecca Delgado','Science Fiction',1913,12.55,73),(97,'Open-architected stable solution','Chad Nichols','Science Fiction',2017,45.74,70),(98,'Digitized encompassing definition','Thomas Gonzales','Fantasy',1996,46.71,83),(99,'Optimized heuristic challenge','Tracy Hendrix','Science Fiction',1962,46.93,26),(100,'Synchronized client-server service-desk','James Alvarado','Fiction',1906,49.89,29),(101,'Multi-tiered context-sensitive hub','Amanda Knight','Mystery',1923,48.49,40),(102,'Ergonomic stable open architecture','Robin Brown','Romance',1955,40.22,31),(103,'Upgradable foreground open system','Kathryn Lopez','Science Fiction',1907,43.25,11),(104,'Automated radical solution','Leonard Vega','Biography',1948,10.56,82),(105,'Expanded explicit neural-net','Melissa Tucker','Romance',2005,30.02,4),(106,'Cross-group zero administration utilization','Mary Barnett','Mystery',1988,29.58,80),(107,'Front-line client-driven projection','Amy Andrews','Science Fiction',1996,19.85,44),(108,'Future-proofed fault-tolerant encoding','Larry Andrews','Science Fiction',1918,25.38,28),(109,'Operative foreground project','Valerie Mcfarland','Fantasy',1970,8.54,60),(110,'Re-contextualized radical matrix','Michael Howell','Fantasy',1903,30.15,2),(111,'Switchable full-range definition','Joseph Rivas','Mystery',1932,40.29,54),(112,'Distributed secondary software','Erik Reynolds','Romance',1969,8.02,21),(113,'Versatile value-added structure','Jackson Hill','Science Fiction',1936,6.38,76),(114,'Open-architected scalable knowledge user','Mitchell Larson','Mystery',2016,7.28,2),(115,'Upgradable interactive emulation','Christopher Ross','Biography',2021,28.12,37),(116,'Multi-tiered foreground contingency','Jamie Gates','Fiction',1938,41.82,50),(117,'Self-enabling contextually-based frame','Lori Taylor','Science Fiction',1966,14.87,20),(118,'Profound didactic leverage','Andrew Murphy','Fantasy',2017,5.52,22),(119,'Switchable modular moratorium','Tonya Saunders','Romance',2010,49.88,76),(120,'Integrated secondary access','Sheena Harris','Non-Fiction',1984,48.03,93),(121,'Switchable needs-based strategy','Richard Fisher','Biography',1957,42.47,38),(122,'Profound leadingedge capability','Mary French','Mystery',1992,30.75,17),(123,'Enterprise-wide dedicated knowledge user','Jordan Merritt','Mystery',1938,37.6,16),(124,'Seamless demand-driven focus group','Matthew Fuentes','Mystery',1968,27.1,11),(125,'Public-key analyzing Graphic Interface','Abigail Madden','Fiction',1990,32.41,16),(126,'Persevering national encoding','Paul Moore','Mystery',1949,25.33,78),(127,'Business-focused real-time benchmark','David Nelson','Science Fiction',1997,11.66,0),(128,'Visionary modular productivity','Ruben Nichols','Romance',1949,24.04,35),(129,'Decentralized multi-tasking data-warehouse','Dr. Kelly Armstrong','Romance',1959,40.74,29),(130,'Realigned context-sensitive pricing structure','Jason Rodriguez','Fiction',2004,6.64,90),(131,'Proactive 6thgeneration methodology','Betty Carroll','Mystery',1902,27.28,11),(132,'Multi-lateral methodical implementation','Lauren Moore','Fantasy',1907,20.46,53),(133,'Reduced discrete leverage','Zachary Buchanan','Mystery',1911,20.96,90),(134,'Polarized bandwidth-monitored throughput','Linda Newman','Fiction',1955,35.72,49),(135,'Customizable bi-directional focus group','Kristin Farley','Mystery',2001,15.13,83),(136,'Stand-alone intangible installation','Morgan Mata','Romance',2012,9.89,84),(137,'Networked contextually-based encryption','Leslie Montoya','Biography',1942,26.33,1),(138,'Profound zero-defect knowledgebase','Carolyn Garcia','Fantasy',1978,24.77,8),(139,'Synergistic analyzing intranet','Robert Garcia','Biography',1923,35.4,51),(140,'Assimilated asymmetric Local Area Network','Timothy Williams','Biography',2003,31.49,6),(141,'Exclusive hybrid monitoring','Dr. Heather Boyd','Romance',1909,49.42,36),(142,'Multi-tiered responsive parallelism','Amanda Wilson','Fiction',1940,48.96,11),(143,'Networked multimedia support','Nancy Goodman','Fiction',2012,43.65,50),(144,'Future-proofed scalable software','Matthew Wolf','Fiction',1945,19.27,90),(145,'Phased eco-centric array','Barry Bennett','Fantasy',1905,22.53,57),(146,'Stand-alone hybrid framework','Ethan Kennedy','Non-Fiction',1903,14.5,91),(147,'Innovative empowering concept','Brad Vasquez','Science Fiction',1964,45.2,74),(148,'Upgradable contextually-based hierarchy','Jared Reyes','Fantasy',1941,12.25,97),(149,'Expanded explicit solution','Tonya Robertson','Biography',1957,17.09,73),(150,'Phased logistical open system','Jenna Henderson','Biography',1952,31.95,32),(151,'Innovative real-time neural-net','David Miller','Non-Fiction',1998,33.87,38),(152,'Advanced dynamic complexity','Elizabeth Ayala','Fantasy',1983,46.77,84),(153,'Synergistic needs-based capability','Aaron Alvarez','Science Fiction',1950,8.05,52),(154,'Horizontal hybrid forecast','Alexander Wallace','Mystery',1919,17.44,19),(155,'Optimized content-based standardization','Timothy Adams','Science Fiction',1901,49.96,88),(156,'Synergistic grid-enabled website','Brandon Black','Fiction',1953,31.68,34),(157,'Advanced didactic time-frame','Thomas Trujillo','Biography',2005,19.17,57),(158,'Digitized optimal intranet','James Silva','Mystery',1919,24.69,40),(159,'Proactive 5thgeneration middleware','Brandon Foster','Biography',1999,36.21,49),(160,'Digitized cohesive emulation','Jared Cortez','Science Fiction',1924,34.48,65),(161,'Focused high-level strategy','Stephanie Sloan','Fantasy',1963,21.6,11),(162,'Centralized maximized database','Tracy Pace','Mystery',1981,48.84,64),(163,'Object-based eco-centric challenge','Douglas Mccarthy','Non-Fiction',1905,19.11,0),(164,'Expanded scalable time-frame','Ashley Mason','Non-Fiction',2013,41.83,4),(165,'Exclusive uniform superstructure','Carl Cantrell','Mystery',1912,32.1,19),(166,'Customizable discrete Graphical User Interface','Rebecca Alexander','Romance',1951,11.02,56),(167,'User-friendly radical standardization','Leon Davis','Science Fiction',1954,36.02,55),(168,'Vision-oriented radical capability','Tracy Parker','Mystery',2018,14.13,61),(169,'Networked tertiary approach','Margaret Moore','Biography',1963,23.57,45),(170,'Optional stable matrix','Michael Wells','Non-Fiction',1947,11.28,62),(171,'Integrated hybrid collaboration','Sarah Vincent','Science Fiction',2004,32.15,99),(172,'Centralized homogeneous open system','Dennis Smith','Biography',1977,36.82,97),(173,'Ergonomic foreground Graphic Interface','Patrick Williams','Fiction',1948,6.07,100),(174,'Pre-emptive executive knowledge user','Rebecca Mann','Mystery',1951,37.83,18),(175,'Networked disintermediate projection','John Bradley','Biography',1910,32.85,39),(176,'Fundamental system-worthy parallelism','Cameron Garcia','Fantasy',1924,16.11,52),(177,'Visionary exuding product','Christopher Johnson','Romance',1904,36.2,3),(178,'Organized even-keeled conglomeration','Christopher Ray','Science Fiction',1970,27.89,31),(179,'Innovative didactic capacity','Matthew Vazquez','Science Fiction',2009,48.21,66),(180,'Front-line discrete complexity','David Rodriguez','Science Fiction',2001,25.09,14),(181,'Balanced object-oriented Graphic Interface','Dylan Christensen','Romance',1987,38.73,85),(182,'Reduced bottom-line forecast','Virginia Butler','Mystery',2014,23.76,9),(183,'Total exuding project','Richard Curtis','Mystery',2001,15.4,6),(184,'Enterprise-wide solution-oriented challenge','Megan Jones','Fantasy',1978,5.25,22),(185,'Networked object-oriented definition','Kelly Vazquez','Fiction',1940,21.98,10),(186,'Sharable executive conglomeration','Pam Price','Mystery',1938,41.33,4),(187,'Total well-modulated groupware','Kenneth Phillips','Fiction',1989,22.98,7),(188,'Switchable value-added conglomeration','Clinton Mcintyre MD','Science Fiction',2014,20.14,73),(189,'Grass-roots eco-centric task-force','Brandon Munoz','Mystery',1989,13.65,88),(190,'Cross-platform even-keeled focus group','Andrew Parker','Science Fiction',2016,38.36,4),(191,'Multi-layered 24hour infrastructure','Casey Moreno','Romance',1911,42.19,8),(192,'Phased solution-oriented collaboration','Nicholas Roth','Romance',1930,48.37,71),(193,'Customer-focused tertiary methodology','Justin Garcia','Fantasy',1954,29.54,100),(194,'Digitized content-based time-frame','Deborah White','Science Fiction',1982,33.88,64),(195,'Sharable tangible collaboration','Christian Ward','Biography',2021,11.63,20),(196,'Phased context-sensitive task-force','Rachel Gibbs','Science Fiction',1934,6.69,24),(197,'Organized content-based core','Brandon Martin','Mystery',1980,43.03,9),(198,'Persevering tertiary product','Michael Lee','Biography',1917,22.38,80),(199,'Configurable fault-tolerant interface','Mark Parker','Mystery',1923,42.81,1),(200,'Right-sized modular synergy','Marie Smith','Science Fiction',1939,9.96,32),(201,'Secured 24/7 groupware','Alexander Smith','Non-Fiction',1915,37.25,11),(202,'Balanced optimal open architecture','Lindsey Johnson','Mystery',1964,12.26,32),(203,'Self-enabling mobile software','Stephanie Frost','Non-Fiction',2003,27.22,52),(204,'Business-focused foreground model','Heather Zavala','Romance',1921,26.52,59),(205,'De-engineered attitude-oriented software','Anthony Martin','Fantasy',1990,5.83,8),(206,'Digitized executive flexibility','Lisa Lopez','Non-Fiction',1960,38.01,84),(207,'Total intangible application','Michael Booker','Non-Fiction',1922,6.67,53),(208,'Synergized intangible methodology','Ellen Doyle','Fantasy',1917,25,83),(209,'Distributed modular capability','Nicole Berger','Mystery',1979,48.67,63),(210,'Centralized 6thgeneration model','Yolanda Mclean','Science Fiction',1971,40.93,51),(211,'Centralized asymmetric data-warehouse','Dana Ibarra','Biography',1944,16.19,44),(212,'Diverse 4thgeneration knowledge user','Lindsey Lucas','Science Fiction',1950,18.69,35),(213,'Synchronized transitional alliance','Joseph Holt','Mystery',1903,6.79,35),(214,'Fundamental methodical open architecture','Jeffery Green','Fiction',2005,18.16,47),(215,'Organic 24/7 focus group','Marco Travis','Biography',1910,25.16,37),(216,'Down-sized mobile extranet','Mary Carter','Mystery',2019,24.63,92),(217,'Open-source 3rdgeneration secured line','Christina Terrell','Non-Fiction',2019,35.38,98),(218,'User-friendly tertiary forecast','Malik Stephens','Mystery',1948,5.36,34),(219,'Reactive bandwidth-monitored architecture','Michele Williams','Mystery',1961,20.9,32),(220,'Multi-lateral zero-defect matrix','Nicole Hughes','Fiction',1904,16.51,60),(221,'Re-engineered solution-oriented extranet','Robert Castaneda','Biography',1988,24.81,2),(222,'Virtual fault-tolerant model','Scott Wells','Science Fiction',1928,29.59,75),(223,'Virtual holistic Internet solution','Lauren Merritt','Mystery',1944,6.52,95),(224,'Multi-channeled coherent protocol','Joseph Jensen','Non-Fiction',2007,42.15,80),(225,'Synergized foreground website','Carrie Ware','Biography',1976,36.04,26),(226,'Devolved optimizing leverage','Thomas Anderson','Fantasy',1913,27.22,68),(227,'Centralized context-sensitive functionalities','Virginia Levine','Non-Fiction',1900,38.17,78),(228,'Managed object-oriented hardware','Ashley Gonzalez','Romance',1975,30.75,5),(229,'Managed hybrid array','Charles Smith','Romance',1965,20.46,78),(230,'Optional cohesive methodology','Jerome Lee','Science Fiction',1977,6.1,59),(231,'Polarized maximized challenge','Steven Davis','Non-Fiction',1986,9.37,84),(232,'Monitored 24/7 groupware','Vicki Mcgee','Science Fiction',1925,9.62,1),(233,'Team-oriented client-driven adapter','Adrian Avery','Mystery',2011,10.39,47),(234,'Total reciprocal monitoring','Reginald Chavez','Science Fiction',2006,7.15,9),(235,'Organized secondary protocol','Andrew Brown','Fantasy',1957,15.66,19),(236,'Assimilated disintermediate ability','Christopher Anderson','Romance',1948,10.78,87),(237,'Down-sized holistic hardware','Paul Williams','Mystery',1905,40.43,42),(238,'Optimized even-keeled analyzer','Sherri Griffith','Fantasy',1975,48.97,72),(239,'Devolved encompassing intranet','Linda Rasmussen','Science Fiction',1922,44.51,55),(240,'Stand-alone content-based hub','Lisa Ellis','Fantasy',1957,49.9,41),(241,'Up-sized fault-tolerant hub','Taylor Wang','Fantasy',2015,14.06,38),(242,'Business-focused responsive parallelism','Amy Reyes','Mystery',1954,33.79,38),(243,'Automated systemic toolset','Tiffany Conley','Fantasy',1953,8.87,65),(244,'Managed radical superstructure','David Hoover','Science Fiction',1968,7.37,88),(245,'Automated client-driven open architecture','Jose Brown','Non-Fiction',2000,16.06,18),(246,'Visionary actuating ability','Paul Taylor','Biography',1940,7.43,98),(247,'Innovative actuating instruction set','Ashley Hill','Science Fiction',1934,24.42,45),(248,'Cross-group responsive protocol','Cathy Knight','Science Fiction',2021,46.99,68),(249,'Fundamental national infrastructure','Nancy Austin','Fiction',1928,32.95,58),(250,'Devolved incremental intranet','Jessica Lopez','Science Fiction',1918,12.65,13),(251,'Seamless 5thgeneration challenge','Michelle Harris','Fiction',1906,8.87,98),(252,'Down-sized high-level encoding','Gabriela Russell MD','Fiction',1902,12.62,43),(253,'Horizontal didactic structure','Robert Rodriguez','Fiction',1961,11.66,21),(254,'Team-oriented bandwidth-monitored project','Jacqueline Ramsey','Mystery',1916,42.57,100),(255,'Switchable impactful superstructure','Amber Wells','Science Fiction',1906,24.51,24),(256,'Digitized multi-state circuit','Sarah Walker','Biography',1981,36.86,77),(257,'Multi-channeled 24/7 functionalities','William Pierce','Romance',1935,21.14,33),(258,'Robust systemic Graphical User Interface','Kyle Carter','Mystery',1916,9.95,6),(259,'Pre-emptive incremental secured line','Jason Perez','Science Fiction',1994,14.48,1),(260,'Business-focused methodical application','Brian King','Fiction',1907,49.59,10),(261,'Intuitive content-based toolset','Christopher Fuentes','Science Fiction',1964,14.25,52),(262,'Team-oriented content-based adapter','Dr. Kimberly Stevenson DVM','Biography',1979,21.02,86),(263,'Right-sized bifurcated definition','Kayla Wilkinson','Fiction',1965,9.79,3),(264,'De-engineered local interface','Wayne Hall','Biography',2015,20.51,47),(265,'Adaptive homogeneous moratorium','Jennifer Johnson','Non-Fiction',1926,46.6,66),(266,'Persevering disintermediate application','Jeremy Bailey','Non-Fiction',1927,33.29,92),(267,'Expanded demand-driven database','Gary Williams','Biography',1905,37.49,24),(268,'Monitored 5thgeneration challenge','Billy Aguilar','Biography',1960,8.1,62),(269,'Decentralized disintermediate Internet solution','Jerry Fisher','Romance',1963,33.08,42),(270,'Organized logistical architecture','Christopher Martinez','Romance',1919,13.17,25),(271,'Intuitive intangible circuit','Robin Mejia','Science Fiction',1974,22.08,82),(272,'Intuitive 4thgeneration intranet','Daniel Gillespie','Mystery',1959,5.16,79),(273,'Devolved zero administration process improvement','Emily James','Romance',1929,12.43,23),(274,'Automated systemic functionalities','Matthew Thomas','Fiction',1903,48.8,72),(275,'Team-oriented dedicated attitude','Jeffrey Richardson','Biography',2006,25.83,91),(276,'Profound radical access','Ryan Clark','Romance',1911,19.85,32),(277,'Progressive user-facing customer loyalty','Ashley Cunningham','Biography',1909,33.21,95),(278,'Exclusive asymmetric installation','Benjamin Flores','Fiction',1901,48.61,69),(279,'Upgradable radical adapter','Elizabeth Wilson','Non-Fiction',2008,30.5,28),(280,'Balanced next generation forecast','Aaron Rangel','Non-Fiction',1977,16.78,97),(281,'Fundamental object-oriented productivity','Robert Hatfield','Mystery',1931,16.34,83),(282,'Configurable local emulation','Russell Castillo','Biography',2016,38.19,3),(283,'Phased value-added access','Jessica Johnson','Non-Fiction',1903,17,94),(284,'Progressive 24hour artificial intelligence','Peter Cabrera','Science Fiction',1906,15.21,99),(285,'Devolved secondary function','Sheila Nelson','Science Fiction',1914,27.65,34),(286,'Sharable client-driven contingency','Joseph Crawford','Non-Fiction',1900,8.29,84),(287,'Exclusive encompassing pricing structure','Cynthia Diaz','Science Fiction',1994,40.19,32),(288,'Re-contextualized real-time Graphic Interface','Erica Parker','Science Fiction',1908,27.91,9),(289,'Inverse asynchronous superstructure','Lacey Lang','Mystery',1959,20.12,66),(290,'Expanded analyzing forecast','Holly Golden','Mystery',1988,43.81,31),(291,'Compatible impactful interface','Rachael Kelley','Biography',1957,7.77,13),(292,'Fully-configurable mission-critical artificial intelligence','Rachel Adkins','Mystery',2017,26.94,2),(293,'Secured object-oriented secured line','Megan Kennedy','Fantasy',1955,17.93,58),(294,'Pre-emptive clear-thinking workforce','Craig Sanchez','Mystery',1964,42.53,29),(295,'Persistent disintermediate artificial intelligence','Todd Davis','Non-Fiction',1977,28.66,65),(296,'Triple-buffered heuristic adapter','Jennifer Johnson','Non-Fiction',1949,11.49,49),(297,'Advanced well-modulated architecture','Chad Craig','Fiction',2016,35.65,2),(298,'Assimilated composite archive','Mark Gibson','Fiction',1957,46.66,62),(299,'Centralized disintermediate array','Donald Wiggins','Fiction',1909,28.19,73),(300,'Integrated fresh-thinking toolset','Joseph Jensen','Non-Fiction',1962,26.87,77),(301,'Polarized high-level installation','John Davidson','Fantasy',1975,21.66,77),(302,'Ergonomic leadingedge portal','James Curtis','Fiction',1981,28.67,92),(303,'Open-source background extranet','Meredith Miller','Romance',1968,6.57,77),(304,'Front-line high-level emulation','Amber Joyce','Non-Fiction',1935,13.48,23),(305,'Down-sized bandwidth-monitored open system','Susan Robbins','Fantasy',1999,31.66,27),(306,'Phased didactic product','Elizabeth Koch','Biography',1988,43.92,56),(307,'Expanded local infrastructure','Valerie Moore','Mystery',1914,14.43,7),(308,'Expanded maximized collaboration','Amanda Moore','Romance',2009,20.75,35),(309,'Mandatory homogeneous ability','George Sanchez','Fantasy',1939,11.74,77),(310,'Reduced well-modulated database','Raymond Nicholson','Non-Fiction',2021,47.92,40),(311,'Profit-focused static intranet','Kaitlyn Mills','Biography',1903,32.28,48),(312,'Balanced multi-state monitoring','Clayton Garcia DDS','Biography',1946,36.47,13),(313,'Profound client-driven paradigm','Nicole Olson','Non-Fiction',1997,47.16,53),(314,'Decentralized discrete archive','Jordan Holt','Romance',1914,9.59,74),(315,'Virtual exuding Internet solution','Anne George','Fiction',2012,42.9,40),(316,'Multi-tiered client-server methodology','Rebecca Chavez','Fantasy',1992,8.81,74),(317,'Upgradable client-driven ability','Patricia Kennedy','Science Fiction',1961,29.2,13),(318,'Cloned upward-trending installation','Sherry Kim','Fantasy',1921,40.11,94),(319,'Distributed disintermediate groupware','Michael Mckenzie','Fantasy',1964,42.61,50),(320,'Ergonomic clear-thinking interface','Judith Gutierrez','Fantasy',1950,5.07,55),(321,'Polarized optimizing moratorium','Amanda Savage','Biography',1911,24.32,16),(322,'Customizable object-oriented paradigm','Gail Lawson','Non-Fiction',1932,26.49,42),(323,'Balanced dynamic project','Kelly Hopkins','Biography',1976,35.83,2),(324,'Diverse dynamic contingency','James Duran','Fiction',1993,46.08,23),(325,'Proactive secondary help-desk','William Drake','Romance',1981,40.4,50),(326,'Networked composite Internet solution','Victoria Wilson','Non-Fiction',1903,15.15,78),(327,'Implemented zero-defect product','Kim Lee','Fiction',1984,21.4,29),(328,'Sharable intermediate task-force','Andrew Cervantes','Science Fiction',1940,10.26,28),(329,'Multi-tiered dedicated encryption','Jacob Fischer','Fiction',1973,38.49,27),(330,'Assimilated user-facing approach','Roy Wolf','Biography',1990,32.02,25),(331,'Profit-focused systematic project','Dennis Hooper','Fiction',1936,15.36,89),(332,'Quality-focused mobile migration','Tanya Brandt','Biography',1968,49.08,17),(333,'Advanced responsive extranet','Mark Chavez DDS','Fantasy',1959,27.76,29),(334,'Synergistic fault-tolerant attitude','Robert Bullock','Mystery',1913,35.68,88),(335,'Adaptive bi-directional implementation','Alexandra Cox','Romance',1938,47.29,23),(336,'Organized high-level algorithm','Grace Waller','Fantasy',2006,24.08,26),(337,'Progressive impactful structure','Karen Moreno','Fantasy',1901,34.28,44),(338,'Seamless analyzing encoding','Kevin Garcia','Mystery',1949,10.17,61),(339,'Centralized uniform extranet','Steven Mcdonald','Romance',2014,43.51,68),(340,'Proactive system-worthy orchestration','Robert Scott','Mystery',1907,49.98,88),(341,'Robust multimedia support','Scott Murphy','Non-Fiction',1933,19.59,42),(342,'Digitized regional monitoring','Kenneth Finley','Fiction',1969,17.11,84),(343,'De-engineered grid-enabled secured line','Marissa Smith','Mystery',2006,43.03,86),(344,'Optimized holistic approach','Brittney Brown','Romance',1990,39.63,27),(345,'Function-based disintermediate intranet','Michael Johnson','Science Fiction',1920,25.89,78),(346,'Object-based asynchronous moratorium','Jennifer Oliver','Fantasy',1965,9.97,23),(347,'Synergistic exuding website','Angelica Elliott','Mystery',1906,6.1,86),(348,'Object-based contextually-based model','Amber Patterson','Romance',1907,12.62,22),(349,'Monitored interactive focus group','Thomas Chung','Non-Fiction',2013,44.36,51),(350,'Exclusive 24hour groupware','Brian Baker','Romance',2008,31.67,49),(351,'Decentralized demand-driven middleware','Carmen Johnson','Fantasy',1972,34.98,42),(352,'Intuitive intermediate paradigm','Scott Bowman MD','Science Fiction',1927,6.01,97),(353,'Public-key intangible frame','Katherine Fry','Romance',1984,46.97,41),(354,'Enhanced holistic solution','Jeremy Hughes','Mystery',1927,21.09,41),(355,'Reduced systematic forecast','Christine Martin','Romance',1987,8.1,34),(356,'Front-line modular moratorium','Timothy Williams','Biography',1957,25.65,44),(357,'Intuitive value-added product','Hunter Odom','Non-Fiction',1983,11.85,27),(358,'Right-sized intangible infrastructure','Stephanie Clayton','Biography',1962,7.18,29),(359,'Secured maximized time-frame','Megan Burton','Romance',1970,28.19,99),(360,'Profound tertiary encoding','Jennifer Jones','Non-Fiction',2020,49.34,73),(361,'Optional object-oriented pricing structure','Jenna Johnson','Romance',1957,39.75,71),(362,'Profit-focused multimedia throughput','Andrea Lucas','Fiction',1933,29.43,64),(363,'Proactive explicit capability','Tony Curtis','Romance',1915,7.48,52),(364,'Persevering scalable leverage','Angel Shepherd','Science Fiction',1923,43.82,86),(365,'Synchronized impactful synergy','Megan Gutierrez','Science Fiction',1955,10.64,99),(366,'Re-contextualized national secured line','Robert Wilson','Fiction',1922,13.1,4),(367,'Universal analyzing support','Eric Taylor','Fiction',1940,29.32,35),(368,'Stand-alone logistical installation','Elizabeth Williams','Biography',1913,44.6,97),(369,'Diverse responsive focus group','Ashley Chavez','Biography',1966,22.65,100),(370,'Synergistic user-facing frame','David Olson','Non-Fiction',1977,43.91,97),(371,'Multi-tiered methodical paradigm','Vicki Vance','Non-Fiction',1959,17.4,43),(372,'Realigned mobile focus group','Michael Jackson','Fiction',1905,17.73,42),(373,'Exclusive dynamic approach','Michelle Mercado','Fiction',1911,39.09,49),(374,'Operative non-volatile parallelism','Wendy Walker','Science Fiction',1987,24.26,72),(375,'Fully-configurable disintermediate solution','Cynthia Jones','Mystery',1993,34.15,55),(376,'Mandatory full-range middleware','Debra Horn','Romance',1997,29.26,76),(377,'Realigned 6thgeneration infrastructure','Jennifer Hughes','Mystery',2007,39.79,55),(378,'Future-proofed heuristic function','Samantha Mcclain','Romance',1903,6.01,0),(379,'Digitized zero-defect access','Angela Stewart','Non-Fiction',1916,5.7,95),(380,'Universal fault-tolerant array','Michael Johnson','Science Fiction',1984,13.17,78),(381,'Total foreground alliance','Anthony Wilson','Non-Fiction',1977,10.6,14),(382,'Implemented background approach','Megan King','Romance',2012,33.19,27),(383,'Optional clear-thinking task-force','Samuel Morales','Mystery',1927,42.17,71),(384,'Multi-channeled needs-based intranet','Molly Roberts','Romance',1911,33.92,46),(385,'Right-sized holistic productivity','Geoffrey Burnett','Fantasy',1962,27.25,65),(386,'Synchronized 24/7 analyzer','Dawn Hart','Romance',1944,6.36,71),(387,'Grass-roots disintermediate analyzer','Amber Davis','Non-Fiction',1979,47.42,6),(388,'Distributed transitional solution','Marilyn Camacho','Science Fiction',1917,26.62,5),(389,'Robust holistic solution','Jennifer Nelson','Romance',1928,25.39,89),(390,'Versatile mission-critical customer loyalty','Rachel Case','Biography',1947,39.96,35),(391,'Face-to-face 6thgeneration attitude','Erica Olson','Romance',2009,33.42,35),(392,'Horizontal hybrid emulation','Jeanne Brown','Fantasy',1963,35.52,86),(393,'Triple-buffered multimedia access','Nathan Ashley','Fantasy',1987,44,44),(394,'Integrated well-modulated Graphic Interface','Karen Reese','Fantasy',1994,27.15,59),(395,'Proactive impactful attitude','Travis Thompson','Non-Fiction',1945,34.05,19),(396,'Assimilated local complexity','Paul Smith','Mystery',1967,22.34,97),(397,'Object-based secondary emulation','Angela Richard','Science Fiction',1969,28.15,50),(398,'Programmable context-sensitive forecast','Evelyn Cox','Mystery',1998,33.41,50),(399,'Distributed regional collaboration','Juan Reynolds','Biography',2007,14.34,25),(400,'Multi-channeled context-sensitive adapter','Jeremiah Dyer','Fantasy',1915,34.57,47),(401,'Managed eco-centric hierarchy','Debbie Lopez','Mystery',1997,31.72,37),(402,'Streamlined multimedia capability','Anthony Vaughn','Mystery',1982,21.38,24),(403,'Persevering incremental strategy','David Miller','Fiction',1928,15.01,82),(404,'Face-to-face multi-tasking Internet solution','Kevin Pittman','Mystery',1915,15.65,69),(405,'Fundamental regional capacity','Samantha Hawkins','Mystery',1916,7.42,98),(406,'De-engineered methodical capacity','James Gonzalez','Fiction',2006,35.79,50),(407,'Mandatory executive groupware','Michelle Bell','Romance',1947,42.19,50),(408,'Decentralized tertiary customer loyalty','William Roberts','Fiction',1946,10.07,2),(409,'Innovative directional project','Jerry Burch','Mystery',1941,21.56,49),(410,'Team-oriented tangible ability','Veronica Hebert','Science Fiction',2005,44.33,42),(411,'Profit-focused solution-oriented open system','Aaron Hall Jr.','Romance',2012,15.03,83),(412,'Profound zero-defect process improvement','Lisa Alexander','Biography',1921,9.83,5),(413,'Cross-platform grid-enabled capacity','Kimberly James','Fantasy',1997,10.35,89),(414,'Organized directional Internet solution','Amanda Carrillo','Fiction',1999,22.55,93),(415,'Enhanced next generation standardization','Anthony Nguyen','Fantasy',1976,29.51,18),(416,'Expanded maximized portal','Tina Stevenson','Science Fiction',2018,49.1,96),(417,'Persistent radical neural-net','Christopher Jones','Science Fiction',1945,46.61,48),(418,'Proactive client-driven knowledgebase','Jeremy Ware','Fantasy',1927,31.88,83),(419,'Enterprise-wide multimedia initiative','Theresa Rice','Non-Fiction',1981,9.28,25),(420,'Proactive radical application','Kevin Mosley','Biography',1907,33.14,35),(421,'Exclusive zero administration superstructure','John Pearson','Fiction',1901,40.05,58),(422,'Grass-roots systematic moderator','Joyce Patton','Fantasy',1919,45.91,39),(423,'Implemented systematic leverage','Daisy Johnson','Romance',1943,25.63,14),(424,'Object-based secondary knowledgebase','Eric Shepherd','Mystery',1935,40.5,84),(425,'Synergized analyzing solution','Tammy Cervantes','Non-Fiction',1990,24.23,45),(426,'Triple-buffered upward-trending artificial intelligence','John Shannon','Biography',2021,32.82,98),(427,'Ergonomic zero-defect software','Denise Mclaughlin','Fantasy',1965,18,46),(428,'Innovative asymmetric utilization','Darryl Price','Romance',1966,22.73,66),(429,'Cross-platform 24hour artificial intelligence','Dawn Coleman','Romance',2002,42.58,95),(430,'Quality-focused methodical matrix','Dennis Hernandez','Mystery',1922,11.9,76),(431,'Synergized fresh-thinking monitoring','Christopher Dixon','Romance',1965,19.48,31),(432,'Horizontal disintermediate alliance','Rodney Ward','Non-Fiction',1951,8.84,55),(433,'Configurable 3rdgeneration synergy','Teresa Bell','Fantasy',1944,22.09,81),(434,'Monitored value-added focus group','Mary Pollard','Science Fiction',1942,45.58,4),(435,'Inverse grid-enabled attitude','Kara Schwartz','Fantasy',1939,27.76,10),(436,'Sharable heuristic conglomeration','Garrett Campbell','Mystery',1916,15.9,54),(437,'Customizable directional matrices','Alyssa Lopez','Fiction',1960,44.29,7),(438,'Synchronized mission-critical process improvement','Samantha Stewart','Science Fiction',1913,33.39,82),(439,'Monitored eco-centric framework','Kelly Rodriguez','Fiction',1970,16,94),(440,'Ergonomic disintermediate project','Jill Padilla','Non-Fiction',2000,27.42,68),(441,'Streamlined 6thgeneration collaboration','Susan Reeves','Science Fiction',2013,40.72,65),(442,'Enhanced grid-enabled budgetary management','Betty Cross','Non-Fiction',1993,48.48,93),(443,'Down-sized radical orchestration','Crystal Hall','Non-Fiction',1987,44.05,89),(444,'Open-source radical capability','Victoria Galloway','Romance',1907,12.73,26),(445,'Advanced reciprocal time-frame','Pamela Crawford','Non-Fiction',2007,13.61,71),(446,'Open-architected 3rdgeneration budgetary management','Carolyn Schmidt','Science Fiction',1909,34.49,7),(447,'Enterprise-wide empowering circuit','Steven Hutchinson','Mystery',1906,36.25,9),(448,'Digitized uniform Internet solution','Douglas Malone','Mystery',1929,6.26,70),(449,'Universal homogeneous adapter','Gina Lopez','Romance',1966,40.17,1),(450,'Reactive high-level framework','Miguel Smith','Non-Fiction',1935,45.75,18),(451,'Re-contextualized logistical throughput','Danielle Alvarez','Romance',2009,5.63,87),(452,'Vision-oriented 5thgeneration analyzer','Amber Hayden','Romance',1909,40.78,5),(453,'Optional 6thgeneration task-force','Jesse Morgan','Non-Fiction',1996,48.55,65),(454,'Stand-alone methodical implementation','Kim Wilson','Biography',1940,9.56,94),(455,'Diverse zero tolerance service-desk','Ashley Jackson','Romance',1960,27.03,55),(456,'User-centric composite projection','Jordan West','Romance',1991,20.11,37),(457,'Configurable disintermediate extranet','Melissa Lewis','Mystery',1953,28.22,2),(458,'Cross-group analyzing matrix','Nancy Griffith','Fiction',1914,37.28,53),(459,'Customizable optimal infrastructure','Robert Garcia','Mystery',2013,35.77,45),(460,'Optimized human-resource forecast','Rachel Travis','Romance',1900,35.88,39),(461,'Cloned cohesive attitude','Daniel Walsh','Science Fiction',1969,9.6,39),(462,'Innovative 3rdgeneration database','Allison Contreras','Fantasy',1988,49.23,62),(463,'Re-engineered disintermediate definition','Cheryl Anderson','Fantasy',1911,11.99,36),(464,'Function-based human-resource migration','Lauren Hall','Non-Fiction',1998,38.54,12),(465,'Organic attitude-oriented support','Kayla Clarke','Non-Fiction',1920,24.93,78),(466,'Multi-channeled mission-critical initiative','Michelle Hanson','Fantasy',2015,37.17,93),(467,'Function-based dedicated frame','Larry Hunt','Romance',1979,13.82,96),(468,'Organized upward-trending parallelism','Nicole Davenport','Fantasy',1987,30.59,83),(469,'Automated 5thgeneration customer loyalty','Kimberly Shannon','Fantasy',1967,23.25,92),(470,'Function-based mobile neural-net','Christopher Gomez','Fantasy',1915,27.67,40),(471,'Cross-platform next generation website','Anna Roberts','Romance',1929,45.38,37),(472,'Stand-alone clear-thinking extranet','Craig Dominguez','Fiction',1942,28.09,9),(473,'Fully-configurable mobile solution','Cathy Stone','Fantasy',1964,30.26,72),(474,'Grass-roots static hub','Ryan Mcintyre','Mystery',2010,46.84,98),(475,'Stand-alone zero administration emulation','Michelle Lyons','Romance',1986,47.76,100),(476,'Front-line next generation migration','Russell Sparks','Biography',1907,39.42,37),(477,'Distributed cohesive approach','Chris Brown','Romance',2019,27.71,17),(478,'Total logistical parallelism','Andrea Meyer','Science Fiction',1913,35.46,53),(479,'Balanced grid-enabled architecture','Christian Morales','Fiction',2009,38.27,60),(480,'Adaptive mobile toolset','Andrew James','Fiction',1940,38.15,75),(481,'Automated transitional hardware','Nicole Smith','Fiction',1980,10.55,77),(482,'Pre-emptive transitional contingency','Joseph Holt','Science Fiction',1965,31.96,33),(483,'Enterprise-wide analyzing alliance','Alicia Martin','Mystery',1931,14.03,46),(484,'User-centric discrete software','Emma Hudson','Non-Fiction',1991,37.51,37),(485,'Decentralized content-based access','Nancy Taylor','Mystery',1900,23.16,57),(486,'Monitored tangible extranet','Lisa Medina','Non-Fiction',2018,19.13,52),(487,'Self-enabling actuating monitoring','Allison Salas','Mystery',1921,39.26,26),(488,'Optimized attitude-oriented synergy','Cory Ross','Non-Fiction',1985,49.15,64),(489,'Enhanced system-worthy middleware','Roger Austin','Science Fiction',1906,34.02,49),(490,'Progressive client-server infrastructure','Philip Thompson','Non-Fiction',2019,12.88,40),(491,'Pre-emptive intangible adapter','Michael Hill','Fantasy',1910,14.87,2),(492,'Implemented next generation open architecture','Marcus Spencer','Science Fiction',1984,44.07,76),(493,'User-centric bi-directional application','Anthony Poole','Science Fiction',1956,28.08,89),(494,'Triple-buffered dedicated strategy','Kimberly Smith MD','Romance',1901,6.66,59),(495,'Horizontal background throughput','Billy Lopez','Fiction',1987,20.31,43),(496,'Decentralized radical forecast','James Adams','Science Fiction',1966,43.75,96),(497,'Function-based local installation','Craig Thompson','Science Fiction',1919,24.1,33),(498,'Secured 24/7 neural-net','Heather Marks','Non-Fiction',1975,10.88,22),(499,'Compatible transitional budgetary management','Isaac Nelson','Biography',1905,6.94,64),(500,'Vision-oriented zero tolerance initiative','David Hatfield','Science Fiction',1921,15.94,64);
/*!40000 ALTER TABLE `books` ENABLE KEYS */;
UNLOCK TABLES;

--
-- Table structure for table `customers`
--

DROP TABLE IF EXISTS `customers`;
/*!40101 SET @saved_cs_client     = @@character_set_client */;
/*!50503 SET character_set_client = utf8mb4 */;
CREATE TABLE `customers` (
  `Customer_ID` int DEFAULT NULL,
  `Name` text,
  `Email` text,
  `Phone` int DEFAULT NULL,
  `City` text,
  `Country` text
) ENGINE=InnoDB DEFAULT CHARSET=utf8mb4 COLLATE=utf8mb4_0900_ai_ci;
/*!40101 SET character_set_client = @saved_cs_client */;

--
-- Dumping data for table `customers`
--

LOCK TABLES `customers` WRITE;
/*!40000 ALTER TABLE `customers` DISABLE KEYS */;
INSERT INTO `customers` VALUES (1,'Deborah Griffith','balljoseph@wright-keith.net',1234567891,'South Craigfort','Denmark'),(2,'Crystal Clements','kimberlybennett@curtis.com',1234567892,'East Derekberg','Nicaragua'),(3,'Susan Fuller','beanmichael@burnett-stewart.net',1234567893,'Austinbury','Equatorial Guinea'),(4,'Jamie Ramirez','amandahood@warren.com',1234567894,'Dianamouth','Slovenia'),(5,'Marcus Murphy','connerjohn@yahoo.com',1234567895,'Smithbury','Guinea-Bissau'),(6,'Stephen Vasquez','ricemiguel@yahoo.com',1234567896,'Hamiltonstad','Rwanda'),(7,'Susan Hicks','jeffrey91@yahoo.com',1234567897,'East Rebecca','Montenegro'),(8,'Matthew Johnson','austinkenneth@manning.net',1234567898,'Kirstenborough','Israel'),(9,'Matthew Williams','jeffrey41@diaz.com',1234567899,'Rebeccafurt','Somalia'),(10,'Ronald Osborn','staciekelley@heath.com',1234567900,'Lake Benjamin','Cameroon'),(11,'Thomas Garcia','rmiller@gmail.com',1234567901,'West Monicabury','Argentina'),(12,'Jennifer Murray','wilsonbrittany@hotmail.com',1234567902,'South Ashleychester','Zimbabwe'),(13,'Kristine Kim','sarahwilliams@hotmail.com',1234567903,'Lake Robert','Nigeria'),(14,'John Wood','johnsonalexander@gmail.com',1234567904,'Richardsonville','New Caledonia'),(15,'Vanessa Gaines','tbullock@gmail.com',1234567905,'Rodriguezmouth','Wallis and Futuna'),(16,'Stacey Flores','jackjackson@hotmail.com',1234567906,'East Michaelfurt','Saint Helena'),(17,'Christine Maldonado','ztaylor@yahoo.com',1234567907,'Smithborough','Chile'),(18,'David Watson','laurenlawson@alvarez-mcfarland.com',1234567908,'New Josephtown','Equatorial Guinea'),(19,'Marc Nash','joshua59@gmail.com',1234567909,'Davidton','French Guiana'),(20,'Robert Salas','schultzjohn@thomas.com',1234567910,'Schultzchester','Denmark'),(21,'Edgar Frost','maria51@gmail.com',1234567911,'Jonathanhaven','Saudi Arabia'),(22,'Stacey Adams','fjohnson@gmail.com',1234567912,'Clintonmouth','Iceland'),(23,'Hannah Drake','sandersallen@hotmail.com',1234567913,'Deannabury','Faroe Islands'),(24,'Christina Mitchell','justin67@yahoo.com',1234567914,'Bridgestown','Trinidad and Tobago'),(25,'James Martin','reynoldstyrone@wiggins.com',1234567915,'North James','Yemen'),(26,'Dylan Bell','isaac43@gmail.com',1234567916,'North Aaron','Guam'),(27,'Debbie Sampson','collin21@hotmail.com',1234567917,'Christopherburgh','Bahamas'),(28,'William Burns','valeriemack@gmail.com',1234567918,'South Kristyville','Netherlands'),(29,'John Maxwell','martinsamantha@martin.net',1234567919,'Nolanstad','Cuba'),(30,'Dylan Garcia','oanderson@yahoo.com',1234567920,'Hallfort','Turkey'),(31,'Amanda Morton','lolsen@jones.com',1234567921,'Marktown','Antigua and Barbuda'),(32,'Jeffrey Shannon','nmcmillan@smith.com',1234567922,'New Carlosbury','Malta'),(33,'Kristin Hall','michele78@yahoo.com',1234567923,'Underwoodfurt','Cuba'),(34,'Ryan Love','joseph37@gmail.com',1234567924,'Leestad','Anguilla'),(35,'Daniel Gonzalez','nday@combs.com',1234567925,'Hoovermouth','Fiji'),(36,'Benjamin Wallace','alexander26@hotmail.com',1234567926,'Schroederton','Botswana'),(37,'Ryan Lara','benjamin38@thompson-adams.net',1234567927,'Port Jameschester','Chad'),(38,'Nicholas Harris','christine93@perkins.com',1234567928,'Davistown','Canada'),(39,'Tonya Arnold','aprice@hotmail.com',1234567929,'Nelsonmouth','Japan'),(40,'Beth Gomez','wjackson@bowen.com',1234567930,'Hollyhaven','Myanmar'),(41,'Samuel Daniels','andrew07@gmail.com',1234567931,'Codyton','Benin'),(42,'Susan Wilson','ohood@yahoo.com',1234567932,'Jeffreystad','Niger'),(43,'Steven Stone','jill61@herrera.org',1234567933,'Ashleytown','Maldives'),(44,'Alexis Gallegos','craig42@smith-carroll.com',1234567934,'Conniefort','Lesotho'),(45,'Jennifer Fowler','whitemargaret@blackwell.info',1234567935,'Carlsonfort','Ireland'),(46,'Travis Wells','stacywilson@hotmail.com',1234567936,'New David','Moldova'),(47,'Debra Park','dawnmyers@munoz-ayala.com',1234567937,'Phillipsmouth','Isle of Man'),(48,'Paula Harris','lisa63@barber.org',1234567938,'Reginaside','Saint Kitts and Nevis'),(49,'Anne Dean','katrinaedwards@anderson.org',1234567939,'Jonathanberg','Heard Island and McDonald Islands'),(50,'Kimberly Thomas','omoore@garcia.com',1234567940,'New Ruben','Tajikistan'),(51,'Cynthia Walker','huertarobert@gmail.com',1234567941,'Lake Robertfort','Yemen'),(52,'Ian Lopez','larry64@gmail.com',1234567942,'North Ashleyside','Guyana'),(53,'Sandra Coleman','emerritt@yahoo.com',1234567943,'Lake Karenmouth','Netherlands Antilles'),(54,'Rachel Jones','bmedina@hotmail.com',1234567944,'Brendafurt','Central African Republic'),(55,'Michelle Stevens','janicethompson@jones-arnold.com',1234567945,'Wagnerfurt','Romania'),(56,'Dr. Susan Nichols','hernandezchelsea@thompson.com',1234567946,'East Lisaberg','Netherlands Antilles'),(57,'Nicolas Joseph','debra75@gmail.com',1234567947,'Lindaburgh','Congo'),(58,'Michael Young','anthony39@gmail.com',1234567948,'Lake Tannerton','United Arab Emirates'),(59,'Andrew Collins','msanchez@king.net',1234567949,'West Sheri','Guatemala'),(60,'Steven Matthews','timothy98@durham.info',1234567950,'Lake Sharonville','Senegal'),(61,'Lindsay Reynolds','cynthia58@robinson.biz',1234567951,'Port Manuelfurt','Belgium'),(62,'Paul Heath','pamelamartin@yahoo.com',1234567952,'East Shannonview','Isle of Man'),(63,'Manuel Lewis','alicia70@hotmail.com',1234567953,'Brendatown','Heard Island and McDonald Islands'),(64,'Jennifer Clark','michael13@cantu-hawkins.com',1234567954,'Jamesville','British Indian Ocean Territory (Chagos Archipelago)'),(65,'Laura Wiggins','christopherhughes@gmail.com',1234567955,'Sherryport','Tokelau'),(66,'Molly Diaz','rwhite@gmail.com',1234567956,'Brandonside','Seychelles'),(67,'Denise Chapman','andrew13@pacheco-hughes.com',1234567957,'Garcialand','Cote d\'Ivoire'),(68,'Kimberly Smith','imiller@gmail.com',1234567958,'East Raymond','Indonesia'),(69,'Gary Kaiser','linda39@yahoo.com',1234567959,'South David','Saint Kitts and Nevis'),(70,'Laura Duarte','jimenezchristine@dickson.com',1234567960,'West Kimberlyhaven','Finland'),(71,'Mrs. Natalie Hopkins DDS','douglasmccarthy@woodward-gallagher.com',1234567961,'West Sarah','United States Virgin Islands'),(72,'Ms. Nicole Lee','mary21@henry-maynard.com',1234567962,'West Ethan','Saint Barthelemy'),(73,'Peter Krueger','vwelch@yahoo.com',1234567963,'New Lawrenceton','Zimbabwe'),(74,'Bryan Moore','brendawong@juarez-camacho.biz',1234567964,'Blackchester','Norfolk Island'),(75,'Carla Webb','jennifer35@mann.biz',1234567965,'Jasonmouth','Gabon'),(76,'Kim Wang','jonesdylan@gmail.com',1234567966,'Janicemouth','Turkey'),(77,'Jason Villegas','thomas00@stewart.com',1234567967,'Fieldsland','Senegal'),(78,'Dr. Laurie Trevino','ryanbuchanan@hotmail.com',1234567968,'Amberton','Saint Barthelemy'),(79,'Daniel Brown','walkerrichard@young-grimes.com',1234567969,'Villarrealland','Pakistan'),(80,'Joy Fisher','kentchristian@gmail.com',1234567970,'West Rogerview','Tuvalu'),(81,'Matthew Hall','patrick24@hotmail.com',1234567971,'Lake Zachary','Suriname'),(82,'Shaun Fernandez','greenmichael@hotmail.com',1234567972,'Wrightburgh','Malaysia'),(83,'Aaron Clark','jessica98@hotmail.com',1234567973,'Thomashaven','Fiji'),(84,'Gary Blair','leonardtaylor@bowers.net',1234567974,'Lake Paul','Armenia'),(85,'Sheila Coleman','cmyers@cooper-davies.com',1234567975,'South Connie','Bangladesh'),(86,'Molly Robinson','rebeccataylor@mcbride.info',1234567976,'South Kathleen','Cuba'),(87,'Nathan Robbins','jenniferrodgers@garrison-baker.com',1234567977,'East Tylertown','Bolivia'),(88,'Gregory Joseph','kimangela@yahoo.com',1234567978,'Fletcherview','Algeria'),(89,'Erik Wang','gparks@yahoo.com',1234567979,'New Desireebury','United Kingdom'),(90,'Matthew Meyer','moorebrittany@yahoo.com',1234567980,'West Christopher','Benin'),(91,'Breanna Gonzalez','usimon@wright.com',1234567981,'Andrewberg','Sierra Leone'),(92,'Heather Hamilton','kathy50@hotmail.com',1234567982,'Davidshire','Croatia'),(93,'Jacob Cox','frank29@yahoo.com',1234567983,'Robertburgh','San Marino'),(94,'Mr. David Cox','millermichael@gmail.com',1234567984,'West Anthony','New Zealand'),(95,'Laura Fox','samanthaking@hogan.org',1234567985,'New Theresa','Guadeloupe'),(96,'Levi Pierce','bayers@gmail.com',1234567986,'Dayburgh','Bouvet Island (Bouvetoya)'),(97,'Daniel Sanford','amanda13@yahoo.com',1234567987,'Lake Stevenhaven','French Southern Territories'),(98,'Robert Blair','anicholson@gregory.com',1234567988,'Josephfurt','United States Virgin Islands'),(99,'Timothy Lane','janet99@davis.net',1234567989,'South Heather','Turkey'),(100,'Karla Guerrero','wsimpson@yahoo.com',1234567990,'Dustinview','Argentina'),(101,'Brooke Kline','shirleythomas@allen-skinner.net',1234567991,'New James','Georgia'),(102,'Christopher Williams','ufigueroa@hotmail.com',1234567992,'Cherylport','Macedonia'),(103,'Ashley Castro','watsonmolly@yahoo.com',1234567993,'Leeport','Swaziland'),(104,'Anthony Ortiz','amartinez@gmail.com',1234567994,'Michaelfort','Nicaragua'),(105,'Billy Ochoa','mstrong@yahoo.com',1234567995,'Samanthaburgh','Andorra'),(106,'Deborah Weber','kimberly54@yahoo.com',1234567996,'North Dana','Equatorial Guinea'),(107,'Amy Hunt','emilybecker@perkins.com',1234567997,'Ericborough','Aruba'),(108,'Brian Thompson','resparza@hotmail.com',1234567998,'Banksshire','Tokelau'),(109,'Jacob Kelley','qbarber@shelton.org',1234567999,'Ravenberg','Macao'),(110,'Rachel Phillips','jgutierrez@gmail.com',1234568000,'Chelseachester','Serbia'),(111,'Danielle Parsons','millerdaniel@hotmail.com',1234568001,'Port Jessica','Brunei Darussalam'),(112,'Andrew Wilson','johnny54@gmail.com',1234568002,'North Nicholasmouth','Guinea-Bissau'),(113,'Amy Peterson','frazierapril@hotmail.com',1234568003,'Wellstown','Niger'),(114,'Austin Baxter','chavezpaula@gmail.com',1234568004,'Bellfurt','Uganda'),(115,'Jacob Fernandez','adamsmith@mckay-ward.com',1234568005,'East Lisashire','Micronesia'),(116,'Joshua Rodriguez','melissa54@gmail.com',1234568006,'Charleston','Palestinian Territory'),(117,'Molly Murphy','jamesswanson@williams-smith.info',1234568007,'Sawyerchester','Korea'),(118,'Cynthia Stephens','nichole06@obrien-smith.com',1234568008,'North Brian','Puerto Rico'),(119,'Alyssa Cuevas','hholland@gmail.com',1234568009,'Lake Victormouth','Serbia'),(120,'Rita Wallace','catherinehayes@hotmail.com',1234568010,'Lake Eric','Zimbabwe'),(121,'Ashley Hernandez','wfrey@sosa.info',1234568011,'Jenniferfurt','Japan'),(122,'Colleen Navarro','darlenelawson@chan.com',1234568012,'Russellshire','Belarus'),(123,'Renee Clay','bellison@yahoo.com',1234568013,'Bowmanport','Moldova'),(124,'Mark Wilson','vaughansarah@gutierrez-patton.com',1234568014,'North Juan','Antigua and Barbuda'),(125,'Rebecca Perez','udavis@patton.com',1234568015,'Michelleview','Sri Lanka'),(126,'Bonnie Mcdonald','david81@shelton.com',1234568016,'South Dianafurt','Myanmar'),(127,'Joseph Mcmahon','sharon15@stone.com',1234568017,'Lake Mary','Reunion'),(128,'Lori Diaz','wellsmichael@baker.info',1234568018,'Mallorymouth','Eritrea'),(129,'Carolyn Perez','singhsarah@gmail.com',1234568019,'Adkinsview','Macedonia'),(130,'Michael Dodson','janice97@hotmail.com',1234568020,'Courtneymouth','Grenada'),(131,'Peter Smith','wmorales@miller.com',1234568021,'North Carolyn','Jersey'),(132,'Angela Maynard','millerjason@yahoo.com',1234568022,'Milesmouth','India'),(133,'Kristen Green','pyoung@hotmail.com',1234568023,'West John','Iran'),(134,'Nichole Velez','brenda93@gmail.com',1234568024,'Keithberg','Uruguay'),(135,'Katrina Diaz','amullins@hernandez.info',1234568025,'Fishermouth','Samoa'),(136,'Samantha Callahan','billysmith@yahoo.com',1234568026,'Popeberg','Anguilla'),(137,'Steven Miller','tsummers@yahoo.com',1234568027,'North Keith','Papua New Guinea'),(138,'Barbara Knight','bryan17@hotmail.com',1234568028,'Shellyhaven','Georgia'),(139,'Ruth Young','michelleaustin@gmail.com',1234568029,'North Mallorytown','United States Minor Outlying Islands'),(140,'Brett Henderson','zturner@matthews-clark.com',1234568030,'Leeview','Liberia'),(141,'Ryan Hernandez','morganhubbard@yahoo.com',1234568031,'Stephanieberg','Saint Pierre and Miquelon'),(142,'Patricia Lowe','tylerbennett@johnston.com',1234568032,'North Danafurt','Luxembourg'),(143,'Luis Stafford','pateltim@edwards.com',1234568033,'Lake Robert','Qatar'),(144,'Austin Shea','christopherhart@davis.com',1234568034,'Port Jeffreybury','San Marino'),(145,'Jessica Mays','david49@donaldson.com',1234568035,'North Aaronton','Morocco'),(146,'Yvonne Miles','fbaker@yahoo.com',1234568036,'West Cynthiaview','Aruba'),(147,'Melissa Frazier','patrickanderson@yahoo.com',1234568037,'Lake Amyfort','Afghanistan'),(148,'Steven Bryant','gbrowning@yahoo.com',1234568038,'Lake Paul','Barbados'),(149,'Jason Robinson','masonzachary@gmail.com',1234568039,'Victoriafurt','French Guiana'),(150,'Dr. Jessica Perez','stephanie05@padilla.net',1234568040,'Rojasmouth','Saint Barthelemy'),(151,'Katie Lang','perezjudith@delacruz.org',1234568041,'Lake Anthony','Belgium'),(152,'Rebecca Buckley','fross@hotmail.com',1234568042,'East Marymouth','Malawi'),(153,'George Wright','hillhannah@brown-carroll.info',1234568043,'New Marie','Korea'),(154,'Kristin Montoya','petersonvictoria@hawkins.org',1234568044,'Port Theresa','Guernsey'),(155,'James Stuart','staceycohen@chen.com',1234568045,'South Mariaside','Turks and Caicos Islands'),(156,'Jordan Mcguire','bradleyhernandez@yahoo.com',1234568046,'Taylormouth','Cuba'),(157,'Stephanie Curry','stokescaroline@gmail.com',1234568047,'Port Anna','Kyrgyz Republic'),(158,'Michael Garcia','brian45@miller.com',1234568048,'Emilymouth','Russian Federation'),(159,'Jennifer White','epage@yahoo.com',1234568049,'Port Rebecca','Pitcairn Islands'),(160,'Robert Brooks','johnnygriffith@gmail.com',1234568050,'Lake Sarahside','Finland'),(161,'Mr. Frederick Harrison','melissawilliams@green.com',1234568051,'Darlenehaven','Lebanon'),(162,'Taylor Browning','oschmidt@hotmail.com',1234568052,'Petertown','Spain'),(163,'Robert Clark','sheilalester@gmail.com',1234568053,'Lake Charleshaven','Macao'),(164,'Eric Lyons','barbara97@hotmail.com',1234568054,'Joannahaven','Panama'),(165,'John Clark','wcunningham@gmail.com',1234568055,'New Michael','Svalbard & Jan Mayen Islands'),(166,'John Delacruz','dhurley@walsh.biz',1234568056,'Port Timothy','Monaco'),(167,'Justin Spencer','michaelsnyder@gmail.com',1234568057,'Christopherchester','South Africa'),(168,'Ashley Larsen','daniellewilliams@stone-moore.com',1234568058,'Port Aaronstad','Papua New Guinea'),(169,'Robert Rodriguez','wellsmark@henderson.net',1234568059,'New Kimberlyville','British Virgin Islands'),(170,'Allison Nguyen','pamela82@butler-wolfe.com',1234568060,'Paulashire','Bulgaria'),(171,'Catherine Short','jeffreymahoney@morales.info',1234568061,'Derekberg','Kenya'),(172,'Henry Robinson','isaac98@gmail.com',1234568062,'Port Alicia','China'),(173,'Victoria Dixon','caseytina@yahoo.com',1234568063,'Annhaven','French Polynesia'),(174,'Jonathon Strickland','ryan10@yahoo.com',1234568064,'Bakerton','Dominica'),(175,'Barbara Rodriguez','smithmichele@moran.com',1234568065,'Williamsfurt','Papua New Guinea'),(176,'Sandra Booker','williamjenkins@gmail.com',1234568066,'Matthewport','Uruguay'),(177,'Sarah Powell','bryan44@yahoo.com',1234568067,'Kaylatown','Guyana'),(178,'Justin Roberson','johnsonrebecca@gmail.com',1234568068,'Lake Brittany','Barbados'),(179,'John Foster','andrew52@sanchez-mullen.info',1234568069,'Novakland','Andorra'),(180,'Robert Pearson','jamie14@yahoo.com',1234568070,'New Robertoshire','Niger'),(181,'Courtney Ray','robert24@montgomery-frazier.com',1234568071,'Josephstad','Honduras'),(182,'Randy Oliver','robbinsmicheal@cox.com',1234568072,'Adrianafort','Sudan'),(183,'Jeffrey Howard','ramirezcaroline@weeks.info',1234568073,'New Kylefurt','Saint Martin'),(184,'Richard Mclaughlin','webbpatrick@hotmail.com',1234568074,'Bestbury','Somalia'),(185,'Katelyn Rhodes','sbrooks@yahoo.com',1234568075,'Rothshire','Mauritania'),(186,'Kimberly Gallagher','derek84@hotmail.com',1234568076,'West Steven','Netherlands'),(187,'Tiffany Brewer','ocruz@yahoo.com',1234568077,'New Laura','Mongolia'),(188,'Walter Owens','barbaraross@knight-brown.org',1234568078,'Clarkmouth','Senegal'),(189,'Jason Bell','williambrown@hotmail.com',1234568079,'Taylorfurt','Somalia'),(190,'Stephen Jones','brandon93@hotmail.com',1234568080,'Jonesmouth','Italy'),(191,'Natasha Owens','xpreston@yahoo.com',1234568081,'Bradleyburgh','Tonga'),(192,'Paige Mendez DVM','hcross@gmail.com',1234568082,'New Melissahaven','Slovakia (Slovak Republic)'),(193,'Adam Grant','xrodgers@gmail.com',1234568083,'South Christina','Bangladesh'),(194,'Eric Jimenez','nelliott@yahoo.com',1234568084,'West Robinport','Sweden'),(195,'Dominique Turner','tracy39@smith-miller.com',1234568085,'Rogersborough','Djibouti'),(196,'Sean Brooks','james06@yahoo.com',1234568086,'Phillipsbury','Cyprus'),(197,'Patrick Henderson','ivelasquez@best-carey.com',1234568087,'East Amandaport','Lao People\'s Democratic Republic'),(198,'Curtis Winters','rodriguezmadison@herrera.com',1234568088,'Davidburgh','Qatar'),(199,'Anthony Simmons','brittanyellis@davis-scott.com',1234568089,'East Sandra','Micronesia'),(200,'Ashley Powers','probinson@gmail.com',1234568090,'West Danny','Pitcairn Islands'),(201,'David Lopez','ngonzalez@yahoo.com',1234568091,'Zacharyfort','Bouvet Island (Bouvetoya)'),(202,'Sara Johnson','jacobjohnson@ortega-johnson.com',1234568092,'Joshualand','Nicaragua'),(203,'William Walters','jenna96@hotmail.com',1234568093,'South Heather','Austria'),(204,'Dominic Jenkins','edavenport@jenkins-green.com',1234568094,'Yvonneside','Svalbard & Jan Mayen Islands'),(205,'William Cook','wjackson@hotmail.com',1234568095,'Jamesbury','Bolivia'),(206,'Diana Davis','tmckay@hotmail.com',1234568096,'Christophertown','Antigua and Barbuda'),(207,'Sarah Williams','dorseymichael@garcia-smith.com',1234568097,'Barbarahaven','United Kingdom'),(208,'Amy Hill','morenoheather@scott.com',1234568098,'Padillaville','Turkmenistan'),(209,'Michael Maldonado','raymondmyers@trujillo.com',1234568099,'Donnatown','Slovakia (Slovak Republic)'),(210,'Susan Cline','ramirezdavid@cook.org',1234568100,'Ericfurt','Lithuania'),(211,'Ronald Jordan','nhernandez@farmer.org',1234568101,'Leonardport','Fiji'),(212,'Jason Cox','lwoods@bentley.biz',1234568102,'West Ricky','Marshall Islands'),(213,'Joshua Page','robertwiggins@gmail.com',1234568103,'East Kyle','Bangladesh'),(214,'Alexander Scott','amypierce@hotmail.com',1234568104,'Matthewfurt','El Salvador'),(215,'Jennifer Thomas','vrodgers@burns.com',1234568105,'East Hunterview','Palau'),(216,'Phillip Allen','brianwatkins@gmail.com',1234568106,'Kelseyfort','Micronesia'),(217,'Lisa Powers','hamiltonjose@hotmail.com',1234568107,'Garnertown','Uzbekistan'),(218,'Craig Berger','stacymccall@gmail.com',1234568108,'Sparksberg','Pitcairn Islands'),(219,'Jamie Cruz','woodmelissa@hotmail.com',1234568109,'Lake Amber','Zambia'),(220,'Jasmin Sullivan','randalllowery@yahoo.com',1234568110,'Ellistown','Equatorial Guinea'),(221,'William Payne','haileyjohnson@hotmail.com',1234568111,'West Adrienneton','Reunion'),(222,'Madison Stevens','staylor@copeland.info',1234568112,'Baldwinfurt','Jersey'),(223,'Miss Catherine Simon','cjohnson@gmail.com',1234568113,'Mindytown','Belgium'),(224,'Julie Stewart','uthompson@hotmail.com',1234568114,'Smithmouth','British Indian Ocean Territory (Chagos Archipelago)'),(225,'Christopher Mccullough','kcarlson@yahoo.com',1234568115,'Port Amandahaven','Jersey'),(226,'Kevin Collins','smithclinton@goodman-jackson.com',1234568116,'Thomaschester','San Marino'),(227,'Jeffery Zimmerman','michaelbell@miranda-thomas.info',1234568117,'West Robertport','Indonesia'),(228,'Janet Hobbs','hansenkristin@wright-white.net',1234568118,'Mcguireton','Australia'),(229,'Kimberly Jackson','bryansmith@lopez.info',1234568119,'New Dorothytown','Azerbaijan'),(230,'Elijah Baker','barneslatoya@daniels-esparza.com',1234568120,'Jeffreybury','Comoros'),(231,'Casey Brown','joanmartinez@yahoo.com',1234568121,'North Andrew','Congo'),(232,'Kelli Bishop','xmiller@gmail.com',1234568122,'Port Jasonview','Jersey'),(233,'Mark Ward','jason80@osborne.com',1234568123,'East Shaun','Macao'),(234,'Mr. Jamie Rosario','kimberlyjones@moore.info',1234568124,'Nicoleshire','Djibouti'),(235,'Abigail Newman','vlang@sanders-ellis.com',1234568125,'Martintown','Sudan'),(236,'Daniel Powers','kingamber@gmail.com',1234568126,'West John','Sierra Leone'),(237,'Shannon Smith','karenwalton@williams.com',1234568127,'Diazchester','Turkey'),(238,'Shelby Wells','cfox@hotmail.com',1234568128,'East Noah','Portugal'),(239,'Amanda Kramer','kelly09@lopez.biz',1234568129,'Kellermouth','Egypt'),(240,'Paul Waters','kyle55@thomas.org',1234568130,'Amandamouth','Fiji'),(241,'Christopher Lewis','john63@brandt.net',1234568131,'Lake Shawn','Swaziland'),(242,'Mandy Riley','careykevin@yahoo.com',1234568132,'West Kimberly','Puerto Rico'),(243,'Alexis Atkins','john14@yahoo.com',1234568133,'East Stevenfort','Micronesia'),(244,'Jennifer Parrish','nfoster@yahoo.com',1234568134,'East Monique','Botswana'),(245,'Claudia White','johnsonamanda@hotmail.com',1234568135,'Ericaburgh','Kuwait'),(246,'Jeffery Lewis','marytorres@wolfe.biz',1234568136,'Angelastad','Dominican Republic'),(247,'Michael Ellis','rhondabailey@hotmail.com',1234568137,'Port Austinview','Kyrgyz Republic'),(248,'Victoria Camacho','joy49@hotmail.com',1234568138,'New Stacey','Russian Federation'),(249,'Jennifer Ochoa','carmenatkinson@hotmail.com',1234568139,'Longside','Puerto Rico'),(250,'Riley Diaz','awaters@hotmail.com',1234568140,'Reneestad','Kuwait'),(251,'Jennifer Tran','idavis@freeman.org',1234568141,'Emilymouth','Switzerland'),(252,'Jill Sanders','pmeyer@noble.com',1234568142,'Williamstad','Isle of Man'),(253,'Sarah Rojas','sowen@yahoo.com',1234568143,'Justinfurt','South Africa'),(254,'Katherine Mooney','craigrichard@yahoo.com',1234568144,'Johnsonport','Senegal'),(255,'Vincent Duncan','kristi92@gmail.com',1234568145,'Moodyville','China'),(256,'Denise Hall','stephenthompson@yoder-pearson.com',1234568146,'East Wyattchester','Mauritius'),(257,'Calvin Clarke','ambertorres@jordan.biz',1234568147,'North Christinetown','Iran'),(258,'Jacob French','michael67@yahoo.com',1234568148,'Crystalborough','Korea'),(259,'Linda Smith','npadilla@yahoo.com',1234568149,'South Deborahville','Armenia'),(260,'Kathryn Fitzgerald','jenniferodom@gmail.com',1234568150,'West Maria','Swaziland'),(261,'David Donovan','dguzman@hall-gentry.com',1234568151,'West Justin','Slovakia (Slovak Republic)'),(262,'Gabriela Smith','deborah24@long.net',1234568152,'Hopkinsport','Solomon Islands'),(263,'Tara Gregory','timothymiller@flores-ball.biz',1234568153,'Andreland','Gambia'),(264,'Clinton Smith','youngjohn@lewis.info',1234568154,'Brandontown','Somalia'),(265,'Cassandra Cole','mckenziealfred@gmail.com',1234568155,'Port Erinberg','Iraq'),(266,'Robert Myers','hmoore@ortiz.com',1234568156,'Ortizfurt','Falkland Islands (Malvinas)'),(267,'Timothy Simon','april69@vazquez.com',1234568157,'New Jennifer','Algeria'),(268,'Jessica Hopkins','markperez@gmail.com',1234568158,'Jamesland','Spain'),(269,'John Scott','ysandoval@mcgrath.com',1234568159,'Port Paulshire','New Zealand'),(270,'Erika Campbell','davidbarnes@yahoo.com',1234568160,'Lake Anthonyland','Croatia'),(271,'Kristina Vaughan','jennifer30@hotmail.com',1234568161,'East Williamberg','Falkland Islands (Malvinas)'),(272,'Carl Smith','davidandrade@gmail.com',1234568162,'Lake Samantha','Algeria'),(273,'Jordan Warner','sawyerraven@gmail.com',1234568163,'New Joehaven','Mexico'),(274,'Amber Friedman','trevortucker@gmail.com',1234568164,'East Amy','Chile'),(275,'Andrew Farmer','elizabeth45@hotmail.com',1234568165,'East Cory','Nicaragua'),(276,'Carol Petersen','roberthayes@tucker.biz',1234568166,'East Jeremyside','Czech Republic'),(277,'David Collins','nicholasdean@foster-hall.org',1234568167,'South Victoriaport','Liechtenstein'),(278,'Michael Hill','jamesortiz@gmail.com',1234568168,'West Amber','Israel'),(279,'Susan Hughes','efuller@williams-johnson.biz',1234568169,'New Julieville','Estonia'),(280,'Robert Perkins','drangel@gmail.com',1234568170,'New Ronaldbury','Greenland'),(281,'Jennifer Booker','idiaz@hotmail.com',1234568171,'Katietown','Malawi'),(282,'Crystal Rios','xparrish@terry.info',1234568172,'Port Richardstad','Bahrain'),(283,'Louis Gibson','nbrown@hotmail.com',1234568173,'East Lisaside','United Arab Emirates'),(284,'Annette Garcia','donald50@yahoo.com',1234568174,'Melissaside','San Marino'),(285,'Todd Morris','jonathan90@gmail.com',1234568175,'New Lisa','Tokelau'),(286,'Heidi Kennedy DDS','stephaniealexander@yahoo.com',1234568176,'Port Heather','Saint Lucia'),(287,'Kayla Novak','normanlane@gmail.com',1234568177,'New Monicastad','Comoros'),(288,'Terry Becker','nathan91@peterson-rhodes.info',1234568178,'Port Colleenside','Chad'),(289,'Gabriel Dillon','joan36@yahoo.com',1234568179,'Morenoview','Malawi'),(290,'Sarah Cameron','egonzalez@bell.com',1234568180,'West Blake','Guyana'),(291,'Jennifer Crosby','fmiller@yahoo.com',1234568181,'Alanton','Russian Federation'),(292,'Lindsey Roberts','erinkelly@robinson.com',1234568182,'Lambertfort','Armenia'),(293,'Erica Walker','justindillon@yahoo.com',1234568183,'Reeseville','Guadeloupe'),(294,'Wesley Parks','dnoble@gmail.com',1234568184,'Angelaside','Mali'),(295,'Paul Morales','qsmith@hotmail.com',1234568185,'Gonzalestown','Vietnam'),(296,'Michael Johnson','wallacekenneth@jones.com',1234568186,'Mooreburgh','Mali'),(297,'Ryan Mendoza','woodjohn@duncan.com',1234568187,'West Kim','Argentina'),(298,'Carl Jackson','qlopez@valdez.com',1234568188,'West Kimberlyborough','Swaziland'),(299,'Andrew Robinson','pittmanelizabeth@armstrong-shepard.com',1234568189,'Jessicaport','Cayman Islands'),(300,'Marie Mason','heathersanders@gmail.com',1234568190,'Port David','Svalbard & Jan Mayen Islands'),(301,'Tommy Colon','hhuerta@craig-zimmerman.biz',1234568191,'Parkerborough','Isle of Man'),(302,'Howard Frazier','heatherhunter@hotmail.com',1234568192,'Wellsland','Tunisia'),(303,'Jose Lee','russellthomas@thomas-perkins.com',1234568193,'East Erikatown','Iran'),(304,'Nancy Dennis','davidraymond@gmail.com',1234568194,'Dominiqueview','Bhutan'),(305,'Jeremy Pena','kmontgomery@carroll.info',1234568195,'Perrytown','New Caledonia'),(306,'Brandy Ortega','brownrachel@yahoo.com',1234568196,'Port Nicoleview','Belgium'),(307,'Beth Mcguire','lisa66@hotmail.com',1234568197,'New Katherine','Paraguay'),(308,'Mrs. Sarah Weaver','williamcunningham@johnson.com',1234568198,'Alvaradochester','Montserrat'),(309,'Scott Lee','talexander@hotmail.com',1234568199,'East Tracystad','United States Minor Outlying Islands'),(310,'Jennifer Lopez','daltonerika@thompson.info',1234568200,'North Emily','Libyan Arab Jamahiriya'),(311,'Victoria Taylor','sarah34@frank-woodard.com',1234568201,'Nelsonton','Ukraine'),(312,'Patricia Hughes','colleen51@king.com',1234568202,'Pennyland','Denmark'),(313,'David Nelson','laura23@hotmail.com',1234568203,'Lake Jane','Macao'),(314,'Brenda Thomas','alvaradocarolyn@hotmail.com',1234568204,'West Nathan','Ecuador'),(315,'Kristina Kaiser','adamsgrant@hotmail.com',1234568205,'Gonzalesview','Marshall Islands'),(316,'Jacob Miller','kdaniels@gmail.com',1234568206,'Maryville','Pakistan'),(317,'Janice Henson','kellymorgan@collins.com',1234568207,'East Loriborough','Wallis and Futuna'),(318,'Thomas Mendoza','rhuynh@sanchez.org',1234568208,'Watsonfort','Andorra'),(319,'Christine Lewis','natalieconrad@hotmail.com',1234568209,'Port Justin','Bahrain'),(320,'Christopher Guzman','dawn39@leach.com',1234568210,'Lake Yvonne','Nepal'),(321,'Charlene Arroyo','edowns@holmes-adams.org',1234568211,'Wilsonstad','Slovenia'),(322,'William Cameron','lharrell@mcintyre.com',1234568212,'Sanchezport','Mexico'),(323,'Jackie Rodgers','pharris@gmail.com',1234568213,'Port Jason','Ghana'),(324,'Larry Adams','lorimoses@james.com',1234568214,'Lake Julieborough','Cuba'),(325,'Emily Vargas','lklein@gmail.com',1234568215,'Aguilarside','Tonga'),(326,'Matthew Henry','jimmycervantes@singh.com',1234568216,'Duranstad','Lesotho'),(327,'Judith Frye','jermainerodriguez@gmail.com',1234568217,'Dickersonmouth','Lithuania'),(328,'Russell Thompson','moorewilliam@hughes.biz',1234568218,'Hallshire','Holy See (Vatican City State)'),(329,'Miguel Jacobs','morgangeorge@buck.com',1234568219,'Marshallbury','Estonia'),(330,'Deborah Mcgee','haroldburns@dougherty.com',1234568220,'New Angelafurt','French Polynesia'),(331,'Megan Martin','fosterjames@anderson.biz',1234568221,'Port Christianberg','Peru'),(332,'Christopher Lewis','smithlauren@hart.com',1234568222,'Tracyborough','Gibraltar'),(333,'Valerie Miller','heather99@mccullough.com',1234568223,'North Rodney','Papua New Guinea'),(334,'Amy Hahn','wangjason@gmail.com',1234568224,'North Tannerville','Serbia'),(335,'Alyssa Zhang','baileymichelle@lewis.com',1234568225,'West Lindseyton','Netherlands'),(336,'Vincent Bender','lauraharvey@yahoo.com',1234568226,'New Christine','Monaco'),(337,'Katherine Gonzalez','nortonpatrick@martinez.com',1234568227,'Munozfort','Tokelau'),(338,'Michelle Esparza','lauren52@hotmail.com',1234568228,'North Amandastad','Burundi'),(339,'Lisa Hayes','david63@gmail.com',1234568229,'New Beverly','Marshall Islands'),(340,'Ryan Howard','psmith@adams.com',1234568230,'New Taylorstad','Myanmar'),(341,'Terry Torres','bnoble@gmail.com',1234568231,'East Virginiashire','Mayotte'),(342,'Jonathan Scott','kelly30@yahoo.com',1234568232,'Williamsborough','Myanmar'),(343,'Gina Schultz','madison80@hebert.net',1234568233,'Kennethville','Bermuda'),(344,'Shawn Allen Jr.','aramirez@arnold.com',1234568234,'Port Bruce','Sri Lanka'),(345,'Glen Perez','leslie78@howe.com',1234568235,'North Joseph','United States Virgin Islands'),(346,'Julie Mcintyre','dmcintyre@luna.com',1234568236,'West Dakotaport','Heard Island and McDonald Islands'),(347,'Peter Greene','michaeldaugherty@yahoo.com',1234568237,'Port Michael','Sri Lanka'),(348,'Matthew Gardner','wayne40@wilkerson.com',1234568238,'Gentryfort','Mozambique'),(349,'Alexis Castro','harveyralph@wilson.info',1234568239,'Lake Jared','Jersey'),(350,'Tina Silva','jallen@koch-phillips.com',1234568240,'Delgadoton','Turks and Caicos Islands'),(351,'Melissa Moran','kcarroll@gmail.com',1234568241,'Lake Tonya','Lebanon'),(352,'Mr. Hector Miller III','emily63@taylor.com',1234568242,'New Cherylton','Ecuador'),(353,'Michael Reese','vargasdylan@stark-hicks.biz',1234568243,'Jaclynfurt','Saint Martin'),(354,'Bradley Moore','richardbutler@pineda.com',1234568244,'Paulaland','Djibouti'),(355,'Manuel Guzman','dperez@hotmail.com',1234568245,'Orrview','Mexico'),(356,'Mary Winters','evansandrew@walls.com',1234568246,'Evanshaven','Bahamas'),(357,'Scott Oconnell','matthew25@jones-brown.net',1234568247,'Natashaville','China'),(358,'Erika Gray','christopher45@roberts.com',1234568248,'Melissaland','Norfolk Island'),(359,'Michelle Jackson','mbyrd@howard.org',1234568249,'South Eric','Armenia'),(360,'Roberto Martinez','victoriacrane@simmons.com',1234568250,'Patriciaville','Mauritius'),(361,'Joseph Davis','hendricksaustin@gmail.com',1234568251,'Carolyntown','Panama'),(362,'Darren Taylor','davisrebecca@webb.org',1234568252,'Lake Kristen','Guinea'),(363,'Carrie Martin','williamsanthony@gmail.com',1234568253,'Hamiltonfurt','Lithuania'),(364,'Carrie Perez','chelsea23@gillespie-walker.com',1234568254,'Kennethland','Hungary'),(365,'Dylan Ryan','marshallsharon@yahoo.com',1234568255,'Port Andreaborough','Faroe Islands'),(366,'Kurt Greer','burkekathryn@hotmail.com',1234568256,'East Stephaniefort','India'),(367,'Denise Hall','cohenvictoria@yahoo.com',1234568257,'Jimmyhaven','Germany'),(368,'Diane Clark','sydney29@nguyen-jones.biz',1234568258,'North Michael','Samoa'),(369,'Marie Miller','jamie47@olson.com',1234568259,'Kendraport','Cape Verde'),(370,'Kevin Garcia','morenonicole@hotmail.com',1234568260,'Port Stacy','Saint Kitts and Nevis'),(371,'Shannon Santos','lhoward@sanchez-mosley.com',1234568261,'Hessshire','Malta'),(372,'Jacqueline Ballard','ginarojas@smith.com',1234568262,'North Jacquelinefurt','Guadeloupe'),(373,'Rebecca Cruz','pmcknight@yahoo.com',1234568263,'Emilymouth','Austria'),(374,'Julie Shaw','pattersonlisa@wagner-thompson.net',1234568264,'Lake Jay','Honduras'),(375,'Robert Short','guerraedward@irwin.net',1234568265,'South John','Switzerland'),(376,'Justin Donaldson','itaylor@yahoo.com',1234568266,'Petersonbury','Syrian Arab Republic'),(377,'Darrell Khan','anna59@hall.com',1234568267,'Austinfort','Montenegro'),(378,'Anthony Kane','dana95@yahoo.com',1234568268,'Port Josephmouth','Congo'),(379,'Christie Sullivan','chrisrichardson@gmail.com',1234568269,'Josephstad','Benin'),(380,'Susan Patel','broberts@flynn.info',1234568270,'New Misty','Senegal'),(381,'Shawn Gonzales','tjones@yahoo.com',1234568271,'Port Martin','Cayman Islands'),(382,'Tara Duncan','parkscaleb@gmail.com',1234568272,'Port Anthonyland','Australia'),(383,'Tiffany Roth','jbowen@gmail.com',1234568273,'South Deborah','Saint Martin'),(384,'Thomas Garcia','davidvelez@romero-marsh.com',1234568274,'Michaelview','Sri Lanka'),(385,'Kenneth Cohen','jacquelinelee@yahoo.com',1234568275,'Robinmouth','Burundi'),(386,'Pamela Gordon','mandy28@thomas-white.com',1234568276,'East Richardburgh','Yemen'),(387,'Tanya Morales','michellecraig@gmail.com',1234568277,'Buckbury','Puerto Rico'),(388,'Joshua Bass','goodmanmary@lara-bowen.net',1234568278,'Christinamouth','Bulgaria'),(389,'Allison Hawkins','lnash@bates-greene.com',1234568279,'Lake Patrick','Bhutan'),(390,'Adam Anthony','melissaellis@yahoo.com',1234568280,'Christinaport','Vanuatu'),(391,'Eric Vincent','rmoore@singleton-baldwin.com',1234568281,'South Christopherberg','Jamaica'),(392,'Dustin Ramirez','steven64@hotmail.com',1234568282,'Ryanhaven','Spain'),(393,'Anthony Mcknight','martinmichael@rodriguez-hill.org',1234568283,'Port Tanya','New Zealand'),(394,'David Hale','ledwards@hotmail.com',1234568284,'Richardburgh','Greece'),(395,'Mary Baird','hgomez@gmail.com',1234568285,'Port Gary','Poland'),(396,'Suzanne Marquez','nina87@hotmail.com',1234568286,'South Katie','Macedonia'),(397,'Catherine Wilkins','nathanielrogers@yahoo.com',1234568287,'Mendezburgh','Australia'),(398,'Dustin Mendez Jr.','michael14@nunez.net',1234568288,'Shanebury','Antigua and Barbuda'),(399,'Daniel Andrews','joneschristine@gmail.com',1234568289,'East Timothy','Micronesia'),(400,'Heather Ward','doris54@hotmail.com',1234568290,'Robertsview','Panama'),(401,'Jason Parker','johnsimpson@hotmail.com',1234568291,'Danielview','Bangladesh'),(402,'Ashley Gilmore','joshuawatkins@yahoo.com',1234568292,'South Taylor','Costa Rica'),(403,'Heather Thomas','laura69@cohen.com',1234568293,'New Michaelview','Turkmenistan'),(404,'Lisa Duran','christina28@espinoza.com',1234568294,'Lake Tyler','Korea'),(405,'Julie Smith','knightmonica@krueger-hamilton.biz',1234568295,'Freemanland','Vanuatu'),(406,'Mary Mason','gordonpaula@gmail.com',1234568296,'Johnport','Bosnia and Herzegovina'),(407,'Christopher Benson','samanthasummers@hotmail.com',1234568297,'Toddchester','Tajikistan'),(408,'Crystal Miller','jose68@vasquez.org',1234568298,'Sheltonton','Cuba'),(409,'Mark Knight','saratrevino@wagner-hicks.com',1234568299,'New Shelby','South Georgia and the South Sandwich Islands'),(410,'Nancy Ramirez','zvalenzuela@snyder-miller.info',1234568300,'New Tammy','Vietnam'),(411,'Christopher Rogers','mallory64@yahoo.com',1234568301,'Lake Aaronstad','Micronesia'),(412,'Kevin Woodward','graysarah@yahoo.com',1234568302,'Lake Karen','Hungary'),(413,'Steven Brown','katherine84@hodges.com',1234568303,'Elliottfort','Cameroon'),(414,'Harold Burns','gregorynielsen@johnson.com',1234568304,'Lake Hannahton','Tonga'),(415,'James Ramirez','robert54@hall.com',1234568305,'Maxwelltown','Canada'),(416,'Lisa Tucker','sarah27@hotmail.com',1234568306,'Port Trevorchester','Jamaica'),(417,'Melissa Frey','floresricardo@smith.org',1234568307,'Erikaberg','Bahamas'),(418,'Kiara Blankenship MD','grahamvictor@sutton.com',1234568308,'Brandimouth','Belarus'),(419,'James Harrison','sarah23@yahoo.com',1234568309,'Dominguezstad','Saint Martin'),(420,'Andrew Murray','donaldjohnson@yahoo.com',1234568310,'North Joseph','Western Sahara'),(421,'Stephanie Barrett','megan55@ruiz.org',1234568311,'East Melissaberg','Cayman Islands'),(422,'Mary Hart','charles30@miller.com',1234568312,'Smithmouth','Slovakia (Slovak Republic)'),(423,'Dale Johnson','wmedina@hotmail.com',1234568313,'New Keithville','Anguilla'),(424,'Marcus Frazier','kimcurtis@castillo-howe.com',1234568314,'West Kevin','Iraq'),(425,'Ashley Perez','williamslindsey@yahoo.com',1234568315,'Elizabethshire','United States Minor Outlying Islands'),(426,'Maurice Moore','lori14@gmail.com',1234568316,'Flowersland','Algeria'),(427,'Craig Mcdowell','stacey22@campbell-douglas.com',1234568317,'Sergiomouth','Timor-Leste'),(428,'Andrew Wells','jacklutz@hotmail.com',1234568318,'Bookerbury','Guadeloupe'),(429,'Rhonda Norton','crystalnoble@gmail.com',1234568319,'South Timothy','Tajikistan'),(430,'Gabrielle Parks','harrisbrooke@campbell.com',1234568320,'Andersenview','Congo'),(431,'John Hanson','vsanders@gmail.com',1234568321,'Kaylafurt','Dominican Republic'),(432,'Ruth Mckay','patricia65@yahoo.com',1234568322,'Cochranshire','Jordan'),(433,'Corey Wells','swagner@robertson.net',1234568323,'East David','Zambia'),(434,'Melanie Parker','nicole84@hotmail.com',1234568324,'Phelpsborough','Uganda'),(435,'Nicholas Gonzalez','darrell16@mann.com',1234568325,'Tamarafurt','Iran'),(436,'Andrea Cortez','jennifer47@curry.com',1234568326,'Garciaberg','Mexico'),(437,'Cynthia Cooper','russellpriscilla@gmail.com',1234568327,'Wrightfurt','Philippines'),(438,'Ebony Ramos','rachel07@gmail.com',1234568328,'North Stephenmouth','Tajikistan'),(439,'Shane Chang','melanie56@fleming.com',1234568329,'Ramosstad','Liechtenstein'),(440,'Elizabeth Romero','sanchezemily@hotmail.com',1234568330,'Port Dianaville','Grenada'),(441,'Amanda Hicks','ryan06@hudson.org',1234568331,'New Melindamouth','Bermuda'),(442,'Heather Melendez','teresacowan@hotmail.com',1234568332,'West Angelaview','Gabon'),(443,'Vincent Cummings','daviskyle@hotmail.com',1234568333,'Stacymouth','Monaco'),(444,'Benjamin Medina','castillocarl@gross.org',1234568334,'Larrychester','Mali'),(445,'Alexis Frye','antoniowilkerson@hotmail.com',1234568335,'Jenniferberg','Gibraltar'),(446,'Michael Park','gjacobs@gmail.com',1234568336,'East Robert','Zimbabwe'),(447,'Emily Wilkerson','jchaney@yahoo.com',1234568337,'Parkerside','Zimbabwe'),(448,'Brandon Hall','michaeljohnson@gmail.com',1234568338,'North Ronniestad','Puerto Rico'),(449,'Linda Reid','hartwendy@sanchez.info',1234568339,'Frenchburgh','New Zealand'),(450,'Shari Schmidt','ccook@scott.com',1234568340,'Lake Edward','Slovenia'),(451,'Travis Harper','vbryant@hotmail.com',1234568341,'West Brendachester','Pitcairn Islands'),(452,'Jacqueline Owens','tiffanyharrison@lopez-webb.com',1234568342,'Lake Cynthia','Angola'),(453,'Joseph Roth','regina79@wilson.biz',1234568343,'Matthewstad','Nepal'),(454,'April Anderson','calexander@yahoo.com',1234568344,'Micheleborough','Guyana'),(455,'Rodney Young','eblankenship@gmail.com',1234568345,'New Shannon','Palestinian Territory'),(456,'Stacy Mendoza','mccarthycathy@gmail.com',1234568346,'Pamelaland','New Zealand'),(457,'Kim Turner','jennifer45@weiss-perry.com',1234568347,'South Rachelview','Cambodia'),(458,'Yvonne Martin','alyssanash@perez-luna.net',1234568348,'West Amanda','Cuba'),(459,'Veronica Lee','joseph12@villegas-french.biz',1234568349,'East Jessicafurt','Heard Island and McDonald Islands'),(460,'Jasmine Garner','dukebrandon@hotmail.com',1234568350,'North Kimberlyland','Croatia'),(461,'Crystal Pierce','webbteresa@gutierrez-garcia.com',1234568351,'Port Davidhaven','Denmark'),(462,'James Brewer','ebrown@ewing-warner.com',1234568352,'Chandlerberg','Mongolia'),(463,'Brandon Dunn','martinezdarren@hotmail.com',1234568353,'East Lindsey','Saint Kitts and Nevis'),(464,'Rebecca Baldwin','hroth@hotmail.com',1234568354,'East Stephen','Macedonia'),(465,'Vanessa Kennedy','dustin35@davenport.org',1234568355,'Ryanville','Afghanistan'),(466,'Mrs. Emily Williams','areynolds@herring.info',1234568356,'East Antonioton','Cook Islands'),(467,'Anna Green','tony39@hotmail.com',1234568357,'East Jennifertown','New Caledonia'),(468,'David Hart','stokesrebecca@gmail.com',1234568358,'Thompsonfurt','Canada'),(469,'Kimberly Vega','psmith@yahoo.com',1234568359,'Daniellestad','Svalbard & Jan Mayen Islands'),(470,'Mary Vasquez DDS','kmullins@crawford.com',1234568360,'Lake Melissa','Turkey'),(471,'Sandra Davis','johnsongeorge@gmail.com',1234568361,'Tiffanyland','Netherlands'),(472,'Holly Pratt','schultznathan@yahoo.com',1234568362,'Lake Thomas','Italy'),(473,'Carolyn Tate','erinmeyer@sellers.org',1234568363,'East Melanie','Saint Vincent and the Grenadines'),(474,'Anthony Young','rogersbill@gmail.com',1234568364,'East Chelsea','Cook Islands'),(475,'Joseph Boyd','dawnmartin@hotmail.com',1234568365,'Derekview','Mauritania'),(476,'Stephanie Martinez','robertomoore@lee-kemp.net',1234568366,'Aprilshire','Zimbabwe'),(477,'Jonathan Hampton','wcobb@morales-sherman.com',1234568367,'Byrdville','Slovakia (Slovak Republic)'),(478,'Spencer Rivera','candiceclayton@gmail.com',1234568368,'Joshuabury','Grenada'),(479,'Stephanie Martinez','lbrown@potts.com',1234568369,'Jessicamouth','Singapore'),(480,'Jennifer Pacheco','kendrashelton@robertson.com',1234568370,'Lake Stephen','Pakistan'),(481,'William Hunt','dannygreen@gmail.com',1234568371,'North Josehaven','American Samoa'),(482,'Mark Ross','maria69@gmail.com',1234568372,'New David','Luxembourg'),(483,'Carolyn Berry','mitchelljesus@jones-bartlett.com',1234568373,'Lake Ericchester','Tunisia'),(484,'Christine Burton','hawkinstiffany@hotmail.com',1234568374,'Richardsonbury','Latvia'),(485,'Andrew Figueroa','john28@gmail.com',1234568375,'New Veronicaside','Macedonia'),(486,'Melanie Kelly','eric02@johnson.com',1234568376,'East Karenmouth','Ukraine'),(487,'Valerie Barnes','garciazachary@hotmail.com',1234568377,'North Vickistad','Egypt'),(488,'Gerald Miranda','gregsmith@hotmail.com',1234568378,'North Brian','Heard Island and McDonald Islands'),(489,'Jennifer Dominguez','pcompton@gmail.com',1234568379,'Susanland','Jamaica'),(490,'Brittany Young','christopher21@young.com',1234568380,'Thomasbury','Saint Kitts and Nevis'),(491,'Timothy Moore','jasongutierrez@gmail.com',1234568381,'Vincentburgh','El Salvador'),(492,'Tara Austin','millerandre@hayes.org',1234568382,'Lake Hunterstad','Haiti'),(493,'Lauren Andrews','lhorton@silva-marshall.com',1234568383,'South Joshualand','Tokelau'),(494,'Michelle Guzman','lstanley@yahoo.com',1234568384,'Ericaton','Suriname'),(495,'Patrick Rivera','donaldmadden@hotmail.com',1234568385,'Lake Elizabethborough','Comoros'),(496,'Michelle Myers','patricia02@vega-callahan.com',1234568386,'Davidview','Netherlands Antilles'),(497,'Shane Klein','murphytheodore@rodriguez-lopez.biz',1234568387,'West Billymouth','Cote d\'Ivoire'),(498,'Brianna Fischer','jessicacoleman@yahoo.com',1234568388,'Angelatown','Gibraltar'),(499,'Melissa Curtis','suzannemartinez@gmail.com',1234568389,'Ashleyport','Monaco'),(500,'James York','maydavid@maldonado.org',1234568390,'Port Angela','Moldova');
/*!40000 ALTER TABLE `customers` ENABLE KEYS */;
UNLOCK TABLES;

--
-- Table structure for table `orders`
--

DROP TABLE IF EXISTS `orders`;
/*!40101 SET @saved_cs_client     = @@character_set_client */;
/*!50503 SET character_set_client = utf8mb4 */;
CREATE TABLE `orders` (
  `Order_ID` int DEFAULT NULL,
  `Customer_ID` int DEFAULT NULL,
  `Book_ID` int DEFAULT NULL,
  `Order_Date` text,
  `Quantity` int DEFAULT NULL,
  `Total_Amount` double DEFAULT NULL
) ENGINE=InnoDB DEFAULT CHARSET=utf8mb4 COLLATE=utf8mb4_0900_ai_ci;
/*!40101 SET character_set_client = @saved_cs_client */;

--
-- Dumping data for table `orders`
--

LOCK TABLES `orders` WRITE;
/*!40000 ALTER TABLE `orders` DISABLE KEYS */;
INSERT INTO `orders` VALUES (1,84,169,'2023-05-26',8,188.56),(2,137,301,'2023-01-23',10,216.6),(3,216,261,'2024-05-27',6,85.5),(4,433,343,'2023-11-25',7,301.21),(5,14,431,'2023-07-26',7,136.36),(6,439,119,'2024-10-11',5,249.4),(7,195,467,'2023-10-23',6,82.92),(8,32,159,'2024-05-07',4,144.84),(9,109,407,'2024-01-04',9,379.71),(10,94,122,'2024-07-09',4,123),(11,131,206,'2023-10-16',1,38.01),(12,454,3,'2024-06-17',2,31.5),(13,420,180,'2023-06-08',5,125.45),(14,454,319,'2023-08-24',2,85.22),(15,127,479,'2023-01-10',6,229.62),(16,412,196,'2023-10-06',8,53.52),(17,462,481,'2023-03-20',5,52.75),(18,377,101,'2024-08-07',4,193.96),(19,496,60,'2023-11-17',9,316.26),(20,195,67,'2023-07-14',1,10.23),(21,356,287,'2024-12-05',3,120.57),(22,177,427,'2024-06-10',3,54),(23,119,301,'2023-08-04',3,64.98),(24,266,192,'2023-07-10',3,145.11),(25,265,250,'2023-05-25',10,126.5),(26,294,407,'2023-06-11',1,42.19),(27,310,156,'2024-12-03',1,31.68),(28,151,423,'2024-11-27',8,205.04),(29,305,446,'2023-10-05',8,275.92),(30,438,248,'2023-09-23',6,281.94),(31,386,279,'2024-03-12',8,244),(32,292,313,'2024-12-06',4,188.64),(33,478,253,'2024-04-15',5,58.3),(34,463,146,'2024-06-27',3,43.5),(35,303,172,'2023-07-08',5,184.1),(36,417,260,'2024-01-21',9,446.31),(37,110,411,'2023-12-27',4,60.12),(38,15,466,'2023-06-26',4,148.68),(39,488,422,'2024-08-03',8,367.28),(40,120,450,'2024-07-03',2,91.5),(41,418,147,'2024-05-05',8,361.6),(42,415,70,'2023-09-19',3,70.35),(43,199,305,'2024-03-25',7,221.62),(44,234,460,'2024-07-24',5,179.4),(45,470,67,'2024-11-16',4,40.92),(46,319,442,'2023-12-08',1,48.48),(47,6,360,'2024-07-23',3,148.02),(48,458,477,'2024-02-25',5,138.55),(49,322,336,'2024-08-14',7,168.56),(50,474,88,'2024-04-06',1,40.22),(51,155,491,'2024-09-01',5,74.35),(52,173,161,'2024-05-20',7,151.2),(53,160,242,'2024-01-02',3,101.37),(54,446,393,'2024-09-01',3,132),(55,18,281,'2024-01-11',7,114.38),(56,76,333,'2024-11-06',5,138.8),(57,24,34,'2024-12-02',2,32.98),(58,329,369,'2024-12-02',7,158.55),(59,225,188,'2023-02-11',7,140.98),(60,404,49,'2023-04-26',9,445.5),(61,405,361,'2024-07-02',5,198.75),(62,364,324,'2024-04-06',5,230.4),(63,16,469,'2024-04-13',9,209.25),(64,348,160,'2024-07-19',10,344.8),(65,54,198,'2023-05-06',9,201.42),(66,180,323,'2023-09-08',8,286.64),(67,260,129,'2023-04-20',9,366.66),(68,246,319,'2023-03-21',10,426.1),(69,261,109,'2024-03-23',4,34.16),(70,49,447,'2023-05-29',6,217.5),(71,500,438,'2024-06-11',8,267.12),(72,290,5,'2024-10-19',1,10.95),(73,411,81,'2023-10-07',1,44.19),(74,461,132,'2023-04-08',10,204.6),(75,291,375,'2023-11-30',5,170.75),(76,470,466,'2024-09-02',10,371.7),(77,497,242,'2024-03-20',7,236.53),(78,44,196,'2024-07-23',5,33.45),(79,134,28,'2023-10-06',2,75.02),(80,265,17,'2023-06-04',8,42.96),(81,383,325,'2024-02-13',5,202),(82,413,387,'2023-03-08',5,237.1),(83,457,335,'2024-01-16',8,378.32),(84,280,49,'2024-07-05',6,297),(85,75,31,'2023-03-14',9,191.07),(86,361,441,'2024-04-28',3,122.16),(87,167,435,'2024-07-11',2,55.52),(88,126,262,'2023-04-16',5,105.1),(89,305,113,'2024-08-06',2,12.76),(90,457,137,'2023-12-23',6,157.98),(91,226,142,'2024-10-13',10,489.6),(92,329,325,'2023-02-24',5,202),(93,366,427,'2024-10-23',3,54),(94,136,88,'2024-07-06',6,241.32),(95,447,426,'2023-10-26',1,32.82),(96,456,336,'2023-08-09',8,192.64),(97,408,221,'2023-07-15',10,248.1),(98,429,352,'2023-12-15',1,6.01),(99,166,250,'2023-04-20',3,37.95),(100,207,63,'2023-07-14',1,22.38),(101,154,344,'2023-01-09',1,39.63),(102,295,300,'2023-05-10',9,241.83),(103,103,21,'2024-02-07',3,141.39),(104,182,316,'2024-01-18',9,79.29),(105,125,306,'2022-12-20',2,87.84),(106,334,449,'2023-10-07',3,120.51),(107,10,330,'2024-10-20',6,192.12),(108,281,430,'2024-05-25',6,71.4),(109,486,368,'2024-11-19',2,89.2),(110,7,16,'2023-04-30',1,10.07),(111,174,450,'2024-08-25',7,320.25),(112,309,403,'2022-12-28',2,30.02),(113,80,255,'2024-02-18',3,73.53),(114,362,210,'2024-02-24',3,122.79),(115,321,136,'2024-09-23',8,79.12),(116,280,447,'2024-02-27',5,181.25),(117,385,52,'2023-01-24',7,115.71),(118,37,189,'2023-01-14',3,40.95),(119,328,148,'2023-09-24',3,36.75),(120,101,338,'2023-01-14',1,10.17),(121,27,63,'2024-03-28',6,134.28),(122,136,56,'2023-02-19',6,47.22),(123,495,437,'2024-03-10',5,221.45),(124,272,122,'2024-05-17',10,307.5),(125,196,43,'2024-06-05',4,189.56),(126,88,492,'2023-12-08',2,88.14),(127,267,295,'2024-08-24',7,200.62),(128,197,345,'2024-09-17',6,155.34),(129,364,388,'2023-08-02',1,26.62),(130,420,17,'2023-05-13',1,5.37),(131,16,1,'2024-05-27',3,64.02),(132,469,333,'2023-11-22',7,194.32),(133,232,458,'2023-03-13',4,149.12),(134,94,222,'2023-04-02',7,207.13),(135,174,99,'2024-01-24',10,469.3),(136,165,70,'2023-12-31',4,93.8),(137,474,471,'2023-11-25',8,363.04),(138,59,362,'2023-12-02',3,88.29),(139,189,26,'2024-05-31',9,189.45),(140,295,164,'2022-12-13',1,41.83),(141,107,352,'2023-05-05',10,60.1),(142,107,434,'2024-04-08',2,91.16),(143,443,201,'2023-10-04',7,260.75),(144,432,179,'2024-11-10',2,96.42),(145,340,477,'2024-09-10',8,221.68),(146,394,404,'2024-04-07',4,62.6),(147,277,285,'2024-10-08',5,138.25),(148,333,429,'2024-06-16',1,42.58),(149,39,56,'2024-11-28',4,31.48),(150,389,135,'2024-01-01',10,151.3),(151,361,288,'2024-08-27',7,195.37),(152,377,213,'2023-10-27',5,33.95),(153,484,370,'2024-02-19',2,87.82),(154,378,391,'2023-10-12',5,167.1),(155,191,397,'2024-01-21',6,168.9),(156,176,66,'2024-05-27',5,141.45),(157,166,245,'2024-05-24',10,160.6),(158,183,225,'2023-07-04',3,108.12),(159,174,51,'2024-09-11',3,138.9),(160,255,85,'2023-03-27',3,58.29),(161,227,42,'2024-01-13',5,241.75),(162,295,298,'2023-05-21',7,326.62),(163,207,384,'2023-11-23',3,101.76),(164,467,184,'2024-06-27',9,47.25),(165,382,362,'2024-09-23',6,176.58),(166,272,486,'2023-09-17',6,114.78),(167,168,442,'2024-11-24',3,145.44),(168,324,36,'2023-01-11',10,345.1),(169,81,415,'2024-02-04',10,295.1),(170,121,77,'2023-05-06',10,442.8),(171,364,397,'2023-01-12',10,281.5),(172,463,423,'2024-09-20',1,25.63),(173,399,61,'2023-07-01',5,205.25),(174,34,29,'2023-12-17',4,124.48),(175,385,103,'2023-10-12',1,43.25),(176,86,479,'2023-09-19',6,229.62),(177,378,121,'2024-08-21',3,127.41),(178,70,298,'2023-05-03',10,466.6),(179,325,52,'2023-02-01',9,148.77),(180,460,227,'2023-01-20',7,267.19),(181,8,117,'2023-01-18',3,44.61),(182,129,293,'2023-11-01',7,125.51),(183,335,371,'2024-06-08',1,17.4),(184,474,88,'2024-04-30',2,80.44),(185,15,25,'2023-03-09',6,51.3),(186,167,120,'2023-04-03',7,336.21),(187,119,275,'2023-12-30',1,25.83),(188,46,425,'2023-03-13',1,24.23),(189,107,240,'2024-07-11',6,299.4),(190,240,273,'2024-07-02',4,49.72),(191,418,390,'2024-03-25',1,39.96),(192,144,380,'2024-06-24',2,26.34),(193,474,36,'2023-03-31',7,241.57),(194,463,340,'2024-11-04',5,249.9),(195,437,241,'2023-07-17',2,28.12),(196,214,468,'2023-04-03',7,214.13),(197,256,32,'2024-05-25',10,215.6),(198,373,117,'2023-06-13',1,14.87),(199,429,18,'2024-09-30',10,394.7),(200,313,303,'2023-11-23',1,6.57),(201,67,463,'2023-10-11',4,47.96),(202,137,69,'2023-12-17',8,70.32),(203,116,110,'2023-12-27',4,120.6),(204,47,427,'2023-05-26',3,54),(205,279,457,'2023-03-21',2,56.44),(206,81,130,'2023-07-19',1,6.64),(207,194,461,'2023-09-06',1,9.6),(208,13,101,'2024-05-21',6,290.94),(209,346,449,'2024-01-03',10,401.7),(210,287,223,'2023-10-14',6,39.12),(211,397,209,'2024-01-17',10,486.7),(212,244,300,'2024-04-20',2,53.74),(213,325,447,'2023-11-17',7,253.75),(214,103,114,'2024-09-04',7,50.96),(215,461,138,'2023-08-17',8,198.16),(216,104,428,'2024-02-28',4,90.92),(217,414,142,'2022-12-28',2,97.92),(218,364,47,'2024-02-13',8,162.96),(219,186,157,'2024-02-11',9,172.53),(220,376,275,'2023-07-07',1,25.83),(221,353,219,'2023-09-10',5,104.5),(222,331,157,'2023-09-19',10,191.7),(223,213,31,'2022-12-17',10,212.3),(224,384,90,'2024-07-19',4,66.24),(225,272,115,'2023-06-08',4,112.48),(226,437,35,'2024-01-25',9,286.29),(227,461,308,'2023-05-04',8,166),(228,400,104,'2024-06-07',3,31.68),(229,82,482,'2024-02-09',7,223.72),(230,307,241,'2023-09-10',7,98.42),(231,22,384,'2023-11-11',1,33.92),(232,220,229,'2024-07-26',5,102.3),(233,403,181,'2024-04-28',7,271.11),(234,149,11,'2024-11-21',5,179.75),(235,419,459,'2024-11-12',3,107.31),(236,375,265,'2024-11-04',9,419.4),(237,47,199,'2023-08-15',7,299.67),(238,134,280,'2024-02-26',6,100.68),(239,132,307,'2023-09-19',5,72.15),(240,457,492,'2023-05-30',10,440.7),(241,119,69,'2024-07-08',6,52.74),(242,416,410,'2023-06-15',9,398.97),(243,82,350,'2024-08-02',10,316.7),(244,12,380,'2024-10-28',3,39.51),(245,386,97,'2023-11-01',9,411.66),(246,401,415,'2024-11-14',2,59.02),(247,77,142,'2024-03-07',10,489.6),(248,312,285,'2023-09-09',9,248.85),(249,131,189,'2023-01-15',8,109.2),(250,63,65,'2023-09-16',9,204.3),(251,109,490,'2023-12-12',2,25.76),(252,405,387,'2023-11-15',5,237.1),(253,449,273,'2023-01-03',3,37.29),(254,99,469,'2023-07-18',2,46.5),(255,217,406,'2023-04-19',4,143.16),(256,225,174,'2024-05-30',9,340.47),(257,123,403,'2023-11-06',1,15.01),(258,179,387,'2023-08-08',3,142.26),(259,437,77,'2023-01-08',2,88.56),(260,112,170,'2024-05-07',2,22.56),(261,200,288,'2023-07-25',8,223.28),(262,224,376,'2022-12-11',6,175.56),(263,260,373,'2024-08-20',2,78.18),(264,290,13,'2023-10-29',9,126.36),(265,258,100,'2024-09-17',9,449.01),(266,167,426,'2023-06-02',10,328.2),(267,467,390,'2024-08-30',9,359.64),(268,117,56,'2024-11-15',9,70.83),(269,8,157,'2024-03-15',5,95.85),(270,120,82,'2024-04-13',7,319.9),(271,462,40,'2023-07-01',1,25.97),(272,228,321,'2024-11-02',1,24.32),(273,357,119,'2022-12-14',8,399.04),(274,254,120,'2024-04-10',2,96.06),(275,495,31,'2023-01-05',2,42.46),(276,166,46,'2024-11-16',3,99.51),(277,276,292,'2022-12-18',1,26.94),(278,111,71,'2024-11-18',9,346.5),(279,204,339,'2024-11-13',9,391.59),(280,181,377,'2023-05-11',8,318.32),(281,23,431,'2024-11-23',8,155.84),(282,364,154,'2024-11-22',6,104.64),(283,277,471,'2024-10-31',8,363.04),(284,325,466,'2023-01-06',4,148.68),(285,198,469,'2024-07-30',6,139.5),(286,96,264,'2023-04-23',2,41.02),(287,74,163,'2023-06-25',3,57.33),(288,6,128,'2023-11-13',1,24.04),(289,321,491,'2023-08-30',2,29.74),(290,31,219,'2024-08-18',2,41.8),(291,214,154,'2024-04-15',8,139.52),(292,388,432,'2024-02-11',4,35.36),(293,96,214,'2024-01-20',9,163.44),(294,21,302,'2023-10-01',4,114.68),(295,414,269,'2024-10-07',5,165.4),(296,181,486,'2023-09-13',1,19.13),(297,382,381,'2024-07-27',4,42.4),(298,359,73,'2024-08-22',10,212.3),(299,189,348,'2024-07-29',8,100.96),(300,90,485,'2023-12-09',7,162.12),(301,339,346,'2024-09-12',4,39.88),(302,348,80,'2024-02-29',6,209.04),(303,423,31,'2023-08-12',6,127.38),(304,59,229,'2024-02-06',9,184.14),(305,107,266,'2023-12-18',4,133.16),(306,54,316,'2024-11-28',4,35.24),(307,368,133,'2023-11-17',1,20.96),(308,499,485,'2023-02-19',10,231.6),(309,185,227,'2022-12-29',8,305.36),(310,338,334,'2023-10-05',3,107.04),(311,198,80,'2024-03-05',7,243.88),(312,209,208,'2023-04-23',10,250),(313,57,105,'2023-10-11',8,240.16),(314,449,127,'2024-03-09',1,11.66),(315,281,119,'2023-03-22',8,399.04),(316,329,198,'2024-06-30',7,156.66),(317,400,88,'2023-01-06',10,402.2),(318,353,84,'2024-01-31',8,356.72),(319,172,296,'2024-06-27',2,22.98),(320,376,363,'2024-04-05',8,59.84),(321,114,386,'2023-08-05',8,50.88),(322,270,112,'2023-11-08',2,16.04),(323,36,412,'2023-06-27',6,58.98),(324,306,214,'2023-01-31',7,127.12),(325,60,394,'2023-07-10',1,27.15),(326,16,149,'2024-06-15',6,102.54),(327,247,409,'2024-07-11',2,43.12),(328,232,3,'2024-01-19',3,47.25),(329,171,171,'2023-09-23',5,160.75),(330,265,65,'2023-01-10',10,227),(331,429,143,'2023-07-15',1,43.65),(332,41,113,'2023-07-25',2,12.76),(333,161,407,'2024-10-08',1,42.19),(334,193,339,'2024-03-01',6,261.06),(335,184,334,'2023-06-05',7,249.76),(336,141,371,'2023-06-23',9,156.6),(337,230,455,'2023-12-06',5,135.15),(338,165,486,'2023-01-13',2,38.26),(339,374,491,'2024-03-21',10,148.7),(340,460,222,'2023-03-02',8,236.72),(341,26,333,'2024-09-06',2,55.52),(342,178,462,'2023-08-24',1,49.23),(343,75,124,'2023-01-03',7,189.7),(344,385,218,'2023-11-25',5,26.8),(345,325,253,'2023-07-04',2,23.32),(346,122,240,'2024-03-10',8,399.2),(347,2,118,'2023-02-23',3,16.56),(348,239,158,'2023-03-19',7,172.83),(349,159,73,'2023-04-15',2,42.46),(350,458,154,'2024-02-09',6,104.64),(351,425,219,'2023-02-26',8,167.2),(352,178,436,'2023-03-19',7,111.3),(353,14,360,'2023-08-03',5,246.7),(354,388,225,'2024-07-28',2,72.08),(355,437,443,'2023-10-23',6,264.3),(356,384,102,'2024-06-01',3,120.66),(357,163,150,'2023-07-06',9,287.55),(358,474,45,'2023-01-30',8,203.92),(359,301,378,'2023-08-23',6,36.06),(360,177,442,'2024-01-23',2,96.96),(361,415,448,'2023-07-27',6,37.56),(362,242,292,'2024-07-29',3,80.82),(363,153,91,'2023-03-04',2,55.64),(364,357,38,'2024-05-12',9,148.23),(365,301,200,'2023-02-28',7,69.72),(366,425,231,'2024-03-08',6,56.22),(367,497,309,'2023-04-04',5,58.7),(368,17,488,'2023-05-17',10,491.5),(369,339,156,'2022-12-09',1,31.68),(370,462,295,'2024-02-04',4,114.64),(371,149,120,'2024-03-23',4,192.12),(372,290,57,'2023-01-21',3,70.77),(373,428,47,'2024-10-25',9,183.33),(374,418,64,'2024-04-28',9,216.9),(375,115,58,'2023-07-19',3,103.62),(376,360,320,'2023-03-02',7,35.49),(377,194,208,'2023-12-03',5,125),(378,203,105,'2024-09-25',1,30.02),(379,313,135,'2023-06-21',7,105.91),(380,465,491,'2024-09-18',3,44.61),(381,485,377,'2023-07-22',8,318.32),(382,492,333,'2024-08-14',1,27.76),(383,145,8,'2023-04-04',3,146.97),(384,304,369,'2024-06-26',7,158.55),(385,379,110,'2024-07-18',9,271.35),(386,226,52,'2023-05-05',5,82.65),(387,344,236,'2024-07-20',4,43.12),(388,125,232,'2023-08-04',6,57.72),(389,485,391,'2023-11-18',2,66.84),(390,94,73,'2023-10-01',10,212.3),(391,30,330,'2023-05-20',8,256.16),(392,336,212,'2024-07-04',1,18.69),(393,279,307,'2022-12-24',8,115.44),(394,299,425,'2024-04-14',1,24.23),(395,159,443,'2024-05-27',9,396.45),(396,59,424,'2023-04-09',6,243),(397,368,73,'2023-01-19',6,127.38),(398,273,334,'2023-07-21',9,321.12),(399,318,393,'2022-12-27',9,396),(400,239,33,'2024-04-05',10,350.6),(401,154,475,'2023-12-06',1,47.76),(402,199,323,'2022-12-25',8,286.64),(403,98,398,'2024-11-17',10,334.1),(404,457,191,'2024-10-02',10,421.9),(405,405,149,'2024-05-01',5,85.45),(406,438,78,'2023-02-17',10,130.7),(407,121,156,'2024-04-14',4,126.72),(408,485,299,'2023-12-13',4,112.76),(409,184,303,'2024-09-07',6,39.42),(410,364,462,'2024-12-01',5,246.15),(411,486,208,'2023-10-29',8,200),(412,24,103,'2024-06-16',5,216.25),(413,158,314,'2023-07-12',3,28.77),(414,23,234,'2023-11-10',1,7.15),(415,336,10,'2023-07-07',1,24.63),(416,149,211,'2023-12-29',1,16.19),(417,222,254,'2024-03-29',4,170.28),(418,153,372,'2023-12-04',2,35.46),(419,330,313,'2023-05-15',3,141.48),(420,102,415,'2024-10-03',1,29.51),(421,56,183,'2023-04-01',5,77),(422,322,176,'2023-12-25',8,128.88),(423,11,349,'2024-01-10',5,221.8),(424,291,118,'2024-01-16',7,38.64),(425,98,308,'2023-02-14',6,124.5),(426,98,33,'2024-02-18',5,175.3),(427,287,434,'2023-09-11',7,319.06),(428,214,175,'2023-02-16',10,328.5),(429,449,146,'2023-11-01',7,101.5),(430,206,26,'2024-07-26',2,42.1),(431,68,276,'2024-09-22',1,19.85),(432,420,168,'2023-11-04',3,42.39),(433,37,223,'2023-03-01',6,39.12),(434,45,83,'2023-10-20',10,89.4),(435,13,230,'2023-04-14',8,48.8),(436,224,412,'2024-06-17',1,9.83),(437,183,360,'2023-10-31',6,296.04),(438,304,434,'2024-08-16',2,91.16),(439,346,419,'2023-05-20',3,27.84),(440,195,343,'2023-08-31',9,387.27),(441,269,168,'2024-03-18',8,113.04),(442,57,129,'2023-05-20',8,325.92),(443,425,108,'2024-04-30',10,253.8),(444,155,5,'2022-12-12',7,76.65),(445,21,384,'2024-04-16',8,271.36),(446,485,380,'2023-09-18',3,39.51),(447,379,422,'2023-08-05',1,45.91),(448,115,38,'2024-11-21',1,16.47),(449,490,222,'2023-11-18',1,29.59),(450,451,288,'2023-05-18',8,223.28),(451,87,307,'2023-08-04',10,144.3),(452,100,412,'2024-07-13',1,9.83),(453,22,418,'2023-04-19',8,255.04),(454,386,186,'2024-06-14',8,330.64),(455,84,409,'2023-10-31',2,43.12),(456,331,125,'2024-02-19',5,162.05),(457,387,147,'2024-03-17',10,452),(458,160,127,'2023-02-19',6,69.96),(459,163,422,'2024-08-17',10,459.1),(460,445,237,'2023-05-24',2,80.86),(461,317,196,'2023-11-18',9,60.21),(462,22,282,'2024-11-24',3,114.57),(463,174,279,'2024-07-06',5,152.5),(464,392,463,'2022-12-20',1,11.99),(465,337,414,'2023-01-16',7,157.85),(466,498,273,'2024-12-07',7,87.01),(467,390,273,'2023-07-22',10,124.3),(468,162,237,'2023-11-22',6,242.58),(469,158,97,'2024-01-01',6,274.44),(470,349,232,'2024-10-30',8,76.96),(471,79,7,'2022-12-13',5,218.15),(472,145,136,'2023-08-07',6,59.34),(473,353,75,'2024-06-19',1,47.11),(474,194,138,'2023-03-24',9,222.93),(475,284,161,'2023-03-02',7,151.2),(476,387,379,'2023-04-02',5,28.5),(477,162,454,'2023-05-30',7,66.92),(478,423,350,'2024-08-02',4,126.68),(479,328,197,'2023-12-26',7,301.21),(480,415,146,'2023-06-21',7,101.5),(481,405,353,'2023-07-07',10,469.7),(482,2,429,'2024-08-31',7,298.06),(483,459,202,'2023-11-23',10,122.6),(484,500,274,'2023-08-31',6,292.8),(485,140,230,'2023-02-04',5,30.5),(486,322,110,'2023-04-26',2,60.3),(487,102,245,'2023-12-23',7,112.42),(488,47,18,'2023-05-23',4,157.88),(489,211,471,'2023-02-22',5,226.9),(490,173,93,'2023-02-15',9,156.87),(491,425,72,'2023-10-14',10,465.4),(492,284,120,'2024-04-28',10,480.3),(493,475,19,'2024-11-04',1,11.31),(494,117,127,'2024-11-23',2,23.32),(495,216,497,'2023-03-31',3,72.3),(496,53,233,'2024-09-28',6,62.34),(497,328,272,'2023-04-25',10,51.6),(498,152,406,'2024-03-10',2,71.58),(499,140,48,'2023-08-26',1,24.7),(500,297,137,'2024-06-17',5,131.65);
/*!40000 ALTER TABLE `orders` ENABLE KEYS */;
UNLOCK TABLES;
/*!40103 SET TIME_ZONE=@OLD_TIME_ZONE */;

/*!40101 SET SQL_MODE=@OLD_SQL_MODE */;
/*!40014 SET FOREIGN_KEY_CHECKS=@OLD_FOREIGN_KEY_CHECKS */;
/*!40014 SET UNIQUE_CHECKS=@OLD_UNIQUE_CHECKS */;
/*!40101 SET CHARACTER_SET_CLIENT=@OLD_CHARACTER_SET_CLIENT */;
/*!40101 SET CHARACTER_SET_RESULTS=@OLD_CHARACTER_SET_RESULTS */;
/*!40101 SET COLLATION_CONNECTION=@OLD_COLLATION_CONNECTION */;
/*!40111 SET SQL_NOTES=@OLD_SQL_NOTES */;

-- Dump completed on 2025-06-26 15:33:04
